/*
 Navicat MySQL Data Transfer

 Source Server         : localhost
 Source Server Type    : MySQL
 Source Server Version : 50725
 Source Host           : localhost
 Source Database       : jbone_cms

 Target Server Type    : MySQL
 Target Server Version : 50725
 File Encoding         : utf-8

 Date: 06/19/2019 10:57:10 AM
*/

SET NAMES utf8;
SET FOREIGN_KEY_CHECKS = 0;

-- ----------------------------
--  Table structure for `advertisement`
-- ----------------------------
DROP TABLE IF EXISTS `advertisement`;
CREATE TABLE `advertisement` (
  `id` bigint(20) NOT NULL AUTO_INCREMENT,
  `add_time` datetime DEFAULT NULL,
  `creator` int(11) DEFAULT NULL,
  `update_time` datetime DEFAULT NULL,
  `version` int(11) DEFAULT NULL,
  `content` varchar(1024) DEFAULT NULL,
  `enable` int(11) DEFAULT NULL,
  `location` varchar(255) DEFAULT NULL,
  `name` varchar(255) DEFAULT NULL,
  `type` varchar(255) DEFAULT NULL,
  `url` varchar(255) DEFAULT NULL,
  `hits` int(11) DEFAULT NULL,
  `img` varchar(1024) DEFAULT NULL,
  `text` varchar(1024) DEFAULT NULL,
  PRIMARY KEY (`id`)
) ENGINE=MyISAM AUTO_INCREMENT=18 DEFAULT CHARSET=utf8;

-- ----------------------------
--  Records of `advertisement`
-- ----------------------------
BEGIN;
INSERT INTO `advertisement` VALUES ('5', '2019-06-03 17:43:23', null, '2019-06-03 17:43:23', '0', '', '1', 'special_menu_top', '阿斯顿发', 'text', '阿斯顿发', '0', '', '阿斯顿发'), ('2', '2019-06-03 09:23:19', null, '2019-06-05 09:43:52', '5', null, '1', 'home_top', '111', 'imgAndText', 'https://www.baidu.com', '0', 'https://www.baidu.com/img/bd_logo1.png', '123'), ('3', '2019-06-03 09:26:42', null, '2019-06-05 09:35:42', '7', '<a href=\"http://www.baidu.com\">这是广告代码</a>', '0', 'home_top', '23333', 'code', '2323', '0', '', '2323'), ('4', '2019-06-03 13:09:14', null, '2019-06-03 13:09:14', '0', '', '1', 'special_article_bottom', 'fff', 'text', 'asdf', '0', '', 'asdf'), ('6', '2019-06-05 08:57:35', null, '2019-06-05 09:58:58', '1', '', '1', 'home_bottom', '首页底部广告', 'text', 'https://www.baidu.com', '0', '', '这是首页底部广告'), ('7', '2019-06-05 08:57:56', null, '2019-06-05 08:57:56', '0', '', '1', 'special_menu_top', '专题页菜单顶部广告', 'text', '', '0', '', '专题页菜单顶部广告'), ('8', '2019-06-05 08:58:09', null, '2019-06-05 08:58:09', '0', '', '1', 'special_menu_bottom', '专题页菜单底部广告', 'text', '', '0', '', '专题页菜单底部广告'), ('9', '2019-06-05 08:58:27', null, '2019-06-05 08:58:27', '0', '', '1', 'special_article_top', '专题页文章顶部广告', 'text', '', '0', '', '专题页文章顶部广告'), ('10', '2019-06-05 08:58:43', null, '2019-06-05 08:58:43', '0', '', '1', 'special_article_bottom', '专题页文章底部广告', 'text', '', '0', '', '专题页文章底部广告'), ('11', '2019-06-05 08:59:01', null, '2019-06-05 08:59:01', '0', '', '1', 'article_top', '文章页顶部广告', 'text', '', '0', '', '文章页顶部广告'), ('12', '2019-06-05 08:59:13', null, '2019-06-05 08:59:13', '0', '', '1', 'article_bottom', '文章页底部广告', 'text', '', '0', '', '文章页底部广告'), ('13', '2019-06-05 08:59:34', null, '2019-06-05 09:19:02', '1', '', '1', 'article_list_top', '文章列表页顶部广告', 'text', '', '0', '', '文章列表页顶部广告'), ('14', '2019-06-05 08:59:51', null, '2019-06-05 08:59:51', '0', '', '1', 'article_list_middle', '文章列表页间隔广告', 'text', '', '0', '', '文章列表页间隔广告'), ('15', '2019-06-05 09:00:06', null, '2019-06-05 09:00:06', '0', '', '1', 'article_list_bottom', '文章列表页底部广告', 'text', '', '0', '', '文章列表页底部广告'), ('16', '2019-06-05 09:00:32', null, '2019-06-05 09:00:32', '0', '', '1', 'sidebar_top', '变拦顶部广告', 'text', '', '0', '', '变拦顶部广告'), ('17', '2019-06-05 09:00:45', null, '2019-06-05 09:00:45', '0', '', '1', 'sidebar_bottom', '边栏底部广告', 'text', '', '0', '', '边栏底部广告');
COMMIT;

-- ----------------------------
--  Table structure for `article`
-- ----------------------------
DROP TABLE IF EXISTS `article`;
CREATE TABLE `article` (
  `id` bigint(20) NOT NULL AUTO_INCREMENT,
  `add_time` datetime DEFAULT NULL,
  `creator` int(11) DEFAULT NULL,
  `update_time` datetime DEFAULT NULL,
  `version` int(11) DEFAULT NULL,
  `allow_comment` int(11) DEFAULT NULL,
  `description` varchar(255) DEFAULT NULL,
  `front_cover` text,
  `hits` int(11) DEFAULT NULL,
  `keywords` varchar(255) DEFAULT NULL,
  `orders` int(11) DEFAULT NULL,
  `status` varchar(255) DEFAULT NULL,
  `title` varchar(255) DEFAULT NULL,
  `category_id` bigint(20) DEFAULT NULL,
  `template_id` bigint(20) DEFAULT NULL,
  PRIMARY KEY (`id`),
  KEY `article_index_orders` (`orders`),
  KEY `article_index_hits` (`hits`),
  KEY `article_index_add_time` (`add_time`),
  KEY `FKy5kkohbk00g0w88fi05k2hcw` (`category_id`),
  KEY `FK26lqedi5u7vniut2s75qwc54k` (`template_id`)
) ENGINE=MyISAM AUTO_INCREMENT=101 DEFAULT CHARSET=utf8;

-- ----------------------------
--  Records of `article`
-- ----------------------------
BEGIN;
INSERT INTO `article` VALUES ('1', '2019-03-22 16:10:49', '24', '2019-05-14 18:06:35', '28', '0', '本文将聚焦到Eureka的内部实现原理，先从微服务架构的部署图介绍Eureka的总体架构，然后剖析服务信息的存储结构，最后探究跟服务生命周期相关的服务注册机制、服务续约机制、服务注销机制、服务剔除机制、服务获取机制、和服务同步机制。', 'http://static.majunwei.com/userfiles/201610292143075020/images/cms/article/2018/12/eureka_01.png', '17', 'sdfasdfasdfasdf', '0', 'PUBLISH', 'Eureka内部实现原理', '19', null), ('3', '2019-03-21 16:10:49', null, '2019-03-29 18:28:08', '5', '1', '本文将聚焦到Eureka的内部实现原理，先从微服务架构的部署图介绍Eureka的总体架构，然后剖析服务信息的存储结构，最后探究跟服务生命周期相关的服务注册机制、服务续约机制、服务注销机制、服务剔除机制、服务获取机制、和服务同步机制。', 'http://static.majunwei.com/userfiles/201610292143075020/images/cms/article/2018/12/eureka_01.png', '4', '', '0', 'PUBLISH', '后Eureka内部实现原理', '19', null), ('4', '2019-03-22 16:10:49', '24', '2019-03-29 16:54:01', '3', '1', '本文将聚焦到Eureka的内部实现原理，先从微服务架构的部署图介绍Eureka的总体架构，然后剖析服务信息的存储结构，最后探究跟服务生命周期相关的服务注册机制、服务续约机制、服务注销机制、服务剔除机制、服务获取机制、和服务同步机制。', 'http://static.majunwei.com/userfiles/201610292143075020/images/cms/article/2018/12/eureka_01.png', '1', '', '0', 'DELETE', 'Eureka内部实现原理', '19', null), ('5', '2019-03-22 16:10:49', null, '2019-03-22 16:10:49', '1', '1', '本文将聚焦到Eureka的内部实现原理，先从微服务架构的部署图介绍Eureka的总体架构，然后剖析服务信息的存储结构，最后探究跟服务生命周期相关的服务注册机制、服务续约机制、服务注销机制、服务剔除机制、服务获取机制、和服务同步机制。', 'http://static.majunwei.com/userfiles/201610292143075020/images/cms/article/2018/12/eureka_01.png', '0', '', '0', 'PUBLISH', 'Eureka内部实现原理', '19', null), ('6', '2019-03-22 16:10:49', null, '2019-03-22 16:10:49', '1', '1', '本文将聚焦到Eureka的内部实现原理，先从微服务架构的部署图介绍Eureka的总体架构，然后剖析服务信息的存储结构，最后探究跟服务生命周期相关的服务注册机制、服务续约机制、服务注销机制、服务剔除机制、服务获取机制、和服务同步机制。', 'http://static.majunwei.com/userfiles/201610292143075020/images/cms/article/2018/12/eureka_01.png', '0', '', '0', 'PUBLISH', 'Eureka内部实现原理', '19', null), ('7', '2019-03-22 16:10:49', null, '2019-03-22 16:10:49', '1', '1', '本文将聚焦到Eureka的内部实现原理，先从微服务架构的部署图介绍Eureka的总体架构，然后剖析服务信息的存储结构，最后探究跟服务生命周期相关的服务注册机制、服务续约机制、服务注销机制、服务剔除机制、服务获取机制、和服务同步机制。', 'http://static.majunwei.com/userfiles/201610292143075020/images/cms/article/2018/12/eureka_01.png', '0', '', '0', 'PUBLISH', 'Eureka内部实现原理', '19', null), ('8', '2019-03-22 16:10:49', null, '2019-03-22 16:10:49', '1', '1', '本文将聚焦到Eureka的内部实现原理，先从微服务架构的部署图介绍Eureka的总体架构，然后剖析服务信息的存储结构，最后探究跟服务生命周期相关的服务注册机制、服务续约机制、服务注销机制、服务剔除机制、服务获取机制、和服务同步机制。', 'http://static.majunwei.com/userfiles/201610292143075020/images/cms/article/2018/12/eureka_01.png', '0', '', '0', 'PUBLISH', 'Eureka内部实现原理', '19', null), ('9', '2019-03-22 16:10:49', null, '2019-03-22 16:10:49', '1', '1', '本文将聚焦到Eureka的内部实现原理，先从微服务架构的部署图介绍Eureka的总体架构，然后剖析服务信息的存储结构，最后探究跟服务生命周期相关的服务注册机制、服务续约机制、服务注销机制、服务剔除机制、服务获取机制、和服务同步机制。', 'http://static.majunwei.com/userfiles/201610292143075020/images/cms/article/2018/12/eureka_01.png', '0', '', '0', 'PUBLISH', 'Eureka内部实现原理', '19', null), ('10', '2019-03-22 16:10:49', null, '2019-03-22 16:10:49', '1', '1', '本文将聚焦到Eureka的内部实现原理，先从微服务架构的部署图介绍Eureka的总体架构，然后剖析服务信息的存储结构，最后探究跟服务生命周期相关的服务注册机制、服务续约机制、服务注销机制、服务剔除机制、服务获取机制、和服务同步机制。', 'http://static.majunwei.com/userfiles/201610292143075020/images/cms/article/2018/12/eureka_01.png', '0', '', '0', 'PUBLISH', 'Eureka内部实现原理', '19', null), ('11', '2019-03-22 16:10:49', null, '2019-03-22 16:10:49', '1', '1', '本文将聚焦到Eureka的内部实现原理，先从微服务架构的部署图介绍Eureka的总体架构，然后剖析服务信息的存储结构，最后探究跟服务生命周期相关的服务注册机制、服务续约机制、服务注销机制、服务剔除机制、服务获取机制、和服务同步机制。', 'http://static.majunwei.com/userfiles/201610292143075020/images/cms/article/2018/12/eureka_01.png', '0', '', '0', 'PUBLISH', 'Eureka内部实现原理', '19', null), ('12', '2019-03-22 16:10:49', null, '2019-03-22 16:10:49', '1', '1', '本文将聚焦到Eureka的内部实现原理，先从微服务架构的部署图介绍Eureka的总体架构，然后剖析服务信息的存储结构，最后探究跟服务生命周期相关的服务注册机制、服务续约机制、服务注销机制、服务剔除机制、服务获取机制、和服务同步机制。', 'http://static.majunwei.com/userfiles/201610292143075020/images/cms/article/2018/12/eureka_01.png', '0', '', '0', 'PUBLISH', 'Eureka内部实现原理', '19', null), ('13', '2019-03-22 16:10:49', null, '2019-03-22 16:10:49', '1', '1', '本文将聚焦到Eureka的内部实现原理，先从微服务架构的部署图介绍Eureka的总体架构，然后剖析服务信息的存储结构，最后探究跟服务生命周期相关的服务注册机制、服务续约机制、服务注销机制、服务剔除机制、服务获取机制、和服务同步机制。', 'http://static.majunwei.com/userfiles/201610292143075020/images/cms/article/2018/12/eureka_01.png', '0', '', '0', 'PUBLISH', 'Eureka内部实现原理', '19', null), ('14', '2019-03-22 16:10:49', null, '2019-03-22 16:10:49', '1', '1', '本文将聚焦到Eureka的内部实现原理，先从微服务架构的部署图介绍Eureka的总体架构，然后剖析服务信息的存储结构，最后探究跟服务生命周期相关的服务注册机制、服务续约机制、服务注销机制、服务剔除机制、服务获取机制、和服务同步机制。', 'http://static.majunwei.com/userfiles/201610292143075020/images/cms/article/2018/12/eureka_01.png', '0', '', '0', 'PUBLISH', 'Eureka内部实现原理', '19', null), ('15', '2019-03-22 16:10:49', null, '2019-03-22 16:10:49', '1', '1', '本文将聚焦到Eureka的内部实现原理，先从微服务架构的部署图介绍Eureka的总体架构，然后剖析服务信息的存储结构，最后探究跟服务生命周期相关的服务注册机制、服务续约机制、服务注销机制、服务剔除机制、服务获取机制、和服务同步机制。', 'http://static.majunwei.com/userfiles/201610292143075020/images/cms/article/2018/12/eureka_01.png', '0', '', '0', 'PUBLISH', 'Eureka内部实现原理', '19', null), ('16', '2019-03-22 16:10:49', null, '2019-03-22 16:10:49', '1', '1', '本文将聚焦到Eureka的内部实现原理，先从微服务架构的部署图介绍Eureka的总体架构，然后剖析服务信息的存储结构，最后探究跟服务生命周期相关的服务注册机制、服务续约机制、服务注销机制、服务剔除机制、服务获取机制、和服务同步机制。', 'http://static.majunwei.com/userfiles/201610292143075020/images/cms/article/2018/12/eureka_01.png', '0', '', '0', 'PUBLISH', 'Eureka内部实现原理', '19', null), ('17', '2019-03-22 16:10:49', null, '2019-03-22 16:10:49', '1', '1', '本文将聚焦到Eureka的内部实现原理，先从微服务架构的部署图介绍Eureka的总体架构，然后剖析服务信息的存储结构，最后探究跟服务生命周期相关的服务注册机制、服务续约机制、服务注销机制、服务剔除机制、服务获取机制、和服务同步机制。', 'http://static.majunwei.com/userfiles/201610292143075020/images/cms/article/2018/12/eureka_01.png', '0', '', '0', 'PUBLISH', 'Eureka内部实现原理', '19', null), ('18', '2019-03-22 16:10:49', null, '2019-03-22 16:10:49', '1', '1', '本文将聚焦到Eureka的内部实现原理，先从微服务架构的部署图介绍Eureka的总体架构，然后剖析服务信息的存储结构，最后探究跟服务生命周期相关的服务注册机制、服务续约机制、服务注销机制、服务剔除机制、服务获取机制、和服务同步机制。', 'http://static.majunwei.com/userfiles/201610292143075020/images/cms/article/2018/12/eureka_01.png', '0', '', '0', 'PUBLISH', 'Eureka内部实现原理', '19', null), ('19', '2019-03-22 16:10:49', null, '2019-03-22 16:10:49', '1', '1', '本文将聚焦到Eureka的内部实现原理，先从微服务架构的部署图介绍Eureka的总体架构，然后剖析服务信息的存储结构，最后探究跟服务生命周期相关的服务注册机制、服务续约机制、服务注销机制、服务剔除机制、服务获取机制、和服务同步机制。', 'http://static.majunwei.com/userfiles/201610292143075020/images/cms/article/2018/12/eureka_01.png', '0', '', '0', 'PUBLISH', 'Eureka内部实现原理', '19', null), ('20', '2019-03-22 16:10:49', '25', '2019-03-22 16:10:49', '1', '1', '本文将聚焦到Eureka的内部实现原理，先从微服务架构的部署图介绍Eureka的总体架构，然后剖析服务信息的存储结构，最后探究跟服务生命周期相关的服务注册机制、服务续约机制、服务注销机制、服务剔除机制、服务获取机制、和服务同步机制。', 'http://static.majunwei.com/userfiles/201610292143075020/images/cms/article/2018/12/eureka_01.png', '0', '', '0', 'PUBLISH', 'Eureka内部实现原理', '19', null), ('21', '2019-03-22 16:10:49', '24', '2019-03-22 16:10:49', '1', '1', '本文将聚焦到Eureka的内部实现原理，先从微服务架构的部署图介绍Eureka的总体架构，然后剖析服务信息的存储结构，最后探究跟服务生命周期相关的服务注册机制、服务续约机制、服务注销机制、服务剔除机制、服务获取机制、和服务同步机制。', 'http://static.majunwei.com/userfiles/201610292143075020/images/cms/article/2018/12/eureka_01.png', '0', '', '0', 'PUBLISH', 'Eureka内部实现原理', '19', null), ('22', '2019-03-22 16:10:49', null, '2019-03-22 16:10:49', '1', '1', '本文将聚焦到Eureka的内部实现原理，先从微服务架构的部署图介绍Eureka的总体架构，然后剖析服务信息的存储结构，最后探究跟服务生命周期相关的服务注册机制、服务续约机制、服务注销机制、服务剔除机制、服务获取机制、和服务同步机制。', 'http://static.majunwei.com/userfiles/201610292143075020/images/cms/article/2018/12/eureka_01.png', '0', '', '0', 'PUBLISH', 'Eureka内部实现原理', '19', null), ('23', '2019-03-22 16:10:49', null, '2019-03-22 16:10:49', '1', '1', '本文将聚焦到Eureka的内部实现原理，先从微服务架构的部署图介绍Eureka的总体架构，然后剖析服务信息的存储结构，最后探究跟服务生命周期相关的服务注册机制、服务续约机制、服务注销机制、服务剔除机制、服务获取机制、和服务同步机制。', 'http://static.majunwei.com/userfiles/201610292143075020/images/cms/article/2018/12/eureka_01.png', '0', '', '0', 'PUBLISH', 'Eureka内部实现原理', '19', null), ('24', '2019-03-22 16:10:49', '24', '2019-03-22 16:10:49', '1', '1', '本文将聚焦到Eureka的内部实现原理，先从微服务架构的部署图介绍Eureka的总体架构，然后剖析服务信息的存储结构，最后探究跟服务生命周期相关的服务注册机制、服务续约机制、服务注销机制、服务剔除机制、服务获取机制、和服务同步机制。', 'http://static.majunwei.com/userfiles/201610292143075020/images/cms/article/2018/12/eureka_01.png', '0', '', '0', 'PUBLISH', 'Eureka内部实现原理', '19', null), ('25', '2019-03-22 16:10:49', null, '2019-03-22 16:10:49', '1', '1', '本文将聚焦到Eureka的内部实现原理，先从微服务架构的部署图介绍Eureka的总体架构，然后剖析服务信息的存储结构，最后探究跟服务生命周期相关的服务注册机制、服务续约机制、服务注销机制、服务剔除机制、服务获取机制、和服务同步机制。', 'http://static.majunwei.com/userfiles/201610292143075020/images/cms/article/2018/12/eureka_01.png', '0', '', '0', 'PUBLISH', 'Eureka内部实现原理', '19', null), ('26', '2019-03-22 16:10:49', null, '2019-03-22 16:10:49', '1', '1', '本文将聚焦到Eureka的内部实现原理，先从微服务架构的部署图介绍Eureka的总体架构，然后剖析服务信息的存储结构，最后探究跟服务生命周期相关的服务注册机制、服务续约机制、服务注销机制、服务剔除机制、服务获取机制、和服务同步机制。', 'http://static.majunwei.com/userfiles/201610292143075020/images/cms/article/2018/12/eureka_01.png', '0', '', '0', 'PUBLISH', 'Eureka内部实现原理', '19', null), ('27', '2019-03-22 16:10:49', null, '2019-03-22 16:10:49', '1', '1', '本文将聚焦到Eureka的内部实现原理，先从微服务架构的部署图介绍Eureka的总体架构，然后剖析服务信息的存储结构，最后探究跟服务生命周期相关的服务注册机制、服务续约机制、服务注销机制、服务剔除机制、服务获取机制、和服务同步机制。', 'http://static.majunwei.com/userfiles/201610292143075020/images/cms/article/2018/12/eureka_01.png', '0', '', '0', 'PUBLISH', 'Eureka内部实现原理', '19', null), ('28', '2019-03-22 16:10:49', null, '2019-03-22 16:10:49', '1', '1', '本文将聚焦到Eureka的内部实现原理，先从微服务架构的部署图介绍Eureka的总体架构，然后剖析服务信息的存储结构，最后探究跟服务生命周期相关的服务注册机制、服务续约机制、服务注销机制、服务剔除机制、服务获取机制、和服务同步机制。', 'http://static.majunwei.com/userfiles/201610292143075020/images/cms/article/2018/12/eureka_01.png', '0', '', '0', 'PUBLISH', 'Eureka内部实现原理', '19', null), ('29', '2019-03-22 16:10:49', null, '2019-03-22 16:10:49', '1', '1', '本文将聚焦到Eureka的内部实现原理，先从微服务架构的部署图介绍Eureka的总体架构，然后剖析服务信息的存储结构，最后探究跟服务生命周期相关的服务注册机制、服务续约机制、服务注销机制、服务剔除机制、服务获取机制、和服务同步机制。', 'http://static.majunwei.com/userfiles/201610292143075020/images/cms/article/2018/12/eureka_01.png', '0', '', '0', 'PUBLISH', 'Eureka内部实现原理', '19', null), ('30', '2019-03-22 16:10:49', null, '2019-03-22 16:10:49', '1', '1', '本文将聚焦到Eureka的内部实现原理，先从微服务架构的部署图介绍Eureka的总体架构，然后剖析服务信息的存储结构，最后探究跟服务生命周期相关的服务注册机制、服务续约机制、服务注销机制、服务剔除机制、服务获取机制、和服务同步机制。', 'http://static.majunwei.com/userfiles/201610292143075020/images/cms/article/2018/12/eureka_01.png', '0', '', '0', 'PUBLISH', 'Eureka内部实现原理', '19', null), ('31', '2019-03-22 16:10:49', null, '2019-03-22 16:10:49', '1', '1', '本文将聚焦到Eureka的内部实现原理，先从微服务架构的部署图介绍Eureka的总体架构，然后剖析服务信息的存储结构，最后探究跟服务生命周期相关的服务注册机制、服务续约机制、服务注销机制、服务剔除机制、服务获取机制、和服务同步机制。', 'http://static.majunwei.com/userfiles/201610292143075020/images/cms/article/2018/12/eureka_01.png', '0', '', '0', 'PUBLISH', 'Eureka内部实现原理', '19', null), ('32', '2019-03-22 16:10:49', null, '2019-03-22 16:10:49', '1', '1', '本文将聚焦到Eureka的内部实现原理，先从微服务架构的部署图介绍Eureka的总体架构，然后剖析服务信息的存储结构，最后探究跟服务生命周期相关的服务注册机制、服务续约机制、服务注销机制、服务剔除机制、服务获取机制、和服务同步机制。', 'http://static.majunwei.com/userfiles/201610292143075020/images/cms/article/2018/12/eureka_01.png', '0', '', '0', 'PUBLISH', 'Eureka内部实现原理', '19', null), ('33', '2019-03-22 16:10:49', null, '2019-03-22 16:10:49', '1', '1', '本文将聚焦到Eureka的内部实现原理，先从微服务架构的部署图介绍Eureka的总体架构，然后剖析服务信息的存储结构，最后探究跟服务生命周期相关的服务注册机制、服务续约机制、服务注销机制、服务剔除机制、服务获取机制、和服务同步机制。', 'http://static.majunwei.com/userfiles/201610292143075020/images/cms/article/2018/12/eureka_01.png', '0', '', '0', 'PUBLISH', 'Eureka内部实现原理', '19', null), ('34', '2019-03-22 16:10:49', null, '2019-03-22 16:10:49', '1', '1', '本文将聚焦到Eureka的内部实现原理，先从微服务架构的部署图介绍Eureka的总体架构，然后剖析服务信息的存储结构，最后探究跟服务生命周期相关的服务注册机制、服务续约机制、服务注销机制、服务剔除机制、服务获取机制、和服务同步机制。', 'http://static.majunwei.com/userfiles/201610292143075020/images/cms/article/2018/12/eureka_01.png', '0', '', '0', 'PUBLISH', 'Eureka内部实现原理', '19', null), ('35', '2019-03-22 16:10:49', null, '2019-03-22 16:10:49', '1', '1', '本文将聚焦到Eureka的内部实现原理，先从微服务架构的部署图介绍Eureka的总体架构，然后剖析服务信息的存储结构，最后探究跟服务生命周期相关的服务注册机制、服务续约机制、服务注销机制、服务剔除机制、服务获取机制、和服务同步机制。', 'http://static.majunwei.com/userfiles/201610292143075020/images/cms/article/2018/12/eureka_01.png', '0', '', '0', 'PUBLISH', 'Eureka内部实现原理', '19', null), ('36', '2019-03-22 16:10:49', null, '2019-03-22 16:10:49', '1', '1', '本文将聚焦到Eureka的内部实现原理，先从微服务架构的部署图介绍Eureka的总体架构，然后剖析服务信息的存储结构，最后探究跟服务生命周期相关的服务注册机制、服务续约机制、服务注销机制、服务剔除机制、服务获取机制、和服务同步机制。', 'http://static.majunwei.com/userfiles/201610292143075020/images/cms/article/2018/12/eureka_01.png', '0', '', '0', 'PUBLISH', 'Eureka内部实现原理', '19', null), ('37', '2019-03-22 16:10:49', null, '2019-03-22 16:10:49', '1', '1', '本文将聚焦到Eureka的内部实现原理，先从微服务架构的部署图介绍Eureka的总体架构，然后剖析服务信息的存储结构，最后探究跟服务生命周期相关的服务注册机制、服务续约机制、服务注销机制、服务剔除机制、服务获取机制、和服务同步机制。', 'http://static.majunwei.com/userfiles/201610292143075020/images/cms/article/2018/12/eureka_01.png', '0', '', '0', 'PUBLISH', 'Eureka内部实现原理', '19', null), ('38', '2019-03-22 16:10:49', null, '2019-03-22 16:10:49', '1', '1', '本文将聚焦到Eureka的内部实现原理，先从微服务架构的部署图介绍Eureka的总体架构，然后剖析服务信息的存储结构，最后探究跟服务生命周期相关的服务注册机制、服务续约机制、服务注销机制、服务剔除机制、服务获取机制、和服务同步机制。', 'http://static.majunwei.com/userfiles/201610292143075020/images/cms/article/2018/12/eureka_01.png', '0', '', '0', 'PUBLISH', 'Eureka内部实现原理', '19', null), ('39', '2019-03-22 16:10:49', null, '2019-03-22 16:10:49', '1', '1', '本文将聚焦到Eureka的内部实现原理，先从微服务架构的部署图介绍Eureka的总体架构，然后剖析服务信息的存储结构，最后探究跟服务生命周期相关的服务注册机制、服务续约机制、服务注销机制、服务剔除机制、服务获取机制、和服务同步机制。', 'http://static.majunwei.com/userfiles/201610292143075020/images/cms/article/2018/12/eureka_01.png', '0', '', '0', 'PUBLISH', 'Eureka内部实现原理', '19', null), ('40', '2019-03-22 16:10:49', '25', '2019-03-22 16:10:49', '1', '1', '本文将聚焦到Eureka的内部实现原理，先从微服务架构的部署图介绍Eureka的总体架构，然后剖析服务信息的存储结构，最后探究跟服务生命周期相关的服务注册机制、服务续约机制、服务注销机制、服务剔除机制、服务获取机制、和服务同步机制。', 'http://static.majunwei.com/userfiles/201610292143075020/images/cms/article/2018/12/eureka_01.png', '0', '', '0', 'PUBLISH', 'Eureka内部实现原理', '19', null), ('41', '2019-03-22 16:10:49', '24', '2019-03-22 16:10:49', '1', '1', '本文将聚焦到Eureka的内部实现原理，先从微服务架构的部署图介绍Eureka的总体架构，然后剖析服务信息的存储结构，最后探究跟服务生命周期相关的服务注册机制、服务续约机制、服务注销机制、服务剔除机制、服务获取机制、和服务同步机制。', 'http://static.majunwei.com/userfiles/201610292143075020/images/cms/article/2018/12/eureka_01.png', '0', '', '0', 'PUBLISH', 'Eureka内部实现原理', '19', null), ('42', '2019-03-22 16:10:49', null, '2019-03-22 16:10:49', '1', '1', '本文将聚焦到Eureka的内部实现原理，先从微服务架构的部署图介绍Eureka的总体架构，然后剖析服务信息的存储结构，最后探究跟服务生命周期相关的服务注册机制、服务续约机制、服务注销机制、服务剔除机制、服务获取机制、和服务同步机制。', 'http://static.majunwei.com/userfiles/201610292143075020/images/cms/article/2018/12/eureka_01.png', '0', '', '0', 'PUBLISH', 'Eureka内部实现原理', '19', null), ('43', '2019-03-22 16:10:49', null, '2019-03-22 16:10:49', '1', '1', '本文将聚焦到Eureka的内部实现原理，先从微服务架构的部署图介绍Eureka的总体架构，然后剖析服务信息的存储结构，最后探究跟服务生命周期相关的服务注册机制、服务续约机制、服务注销机制、服务剔除机制、服务获取机制、和服务同步机制。', 'http://static.majunwei.com/userfiles/201610292143075020/images/cms/article/2018/12/eureka_01.png', '0', '', '0', 'PUBLISH', 'Eureka内部实现原理', '19', null), ('44', '2019-03-22 16:10:49', '24', '2019-03-22 16:10:49', '1', '1', '本文将聚焦到Eureka的内部实现原理，先从微服务架构的部署图介绍Eureka的总体架构，然后剖析服务信息的存储结构，最后探究跟服务生命周期相关的服务注册机制、服务续约机制、服务注销机制、服务剔除机制、服务获取机制、和服务同步机制。', 'http://static.majunwei.com/userfiles/201610292143075020/images/cms/article/2018/12/eureka_01.png', '0', '', '0', 'PUBLISH', 'Eureka内部实现原理', '19', null), ('45', '2019-03-22 16:10:49', null, '2019-03-22 16:10:49', '1', '1', '本文将聚焦到Eureka的内部实现原理，先从微服务架构的部署图介绍Eureka的总体架构，然后剖析服务信息的存储结构，最后探究跟服务生命周期相关的服务注册机制、服务续约机制、服务注销机制、服务剔除机制、服务获取机制、和服务同步机制。', 'http://static.majunwei.com/userfiles/201610292143075020/images/cms/article/2018/12/eureka_01.png', '0', '', '0', 'PUBLISH', 'Eureka内部实现原理', '19', null), ('46', '2019-03-22 16:10:49', null, '2019-03-22 16:10:49', '1', '1', '本文将聚焦到Eureka的内部实现原理，先从微服务架构的部署图介绍Eureka的总体架构，然后剖析服务信息的存储结构，最后探究跟服务生命周期相关的服务注册机制、服务续约机制、服务注销机制、服务剔除机制、服务获取机制、和服务同步机制。', 'http://static.majunwei.com/userfiles/201610292143075020/images/cms/article/2018/12/eureka_01.png', '0', '', '0', 'PUBLISH', 'Eureka内部实现原理', '19', null), ('47', '2019-03-22 16:10:49', null, '2019-03-22 16:10:49', '1', '1', '本文将聚焦到Eureka的内部实现原理，先从微服务架构的部署图介绍Eureka的总体架构，然后剖析服务信息的存储结构，最后探究跟服务生命周期相关的服务注册机制、服务续约机制、服务注销机制、服务剔除机制、服务获取机制、和服务同步机制。', 'http://static.majunwei.com/userfiles/201610292143075020/images/cms/article/2018/12/eureka_01.png', '0', '', '0', 'PUBLISH', 'Eureka内部实现原理', '19', null), ('48', '2019-03-22 16:10:49', null, '2019-03-22 16:10:49', '1', '1', '本文将聚焦到Eureka的内部实现原理，先从微服务架构的部署图介绍Eureka的总体架构，然后剖析服务信息的存储结构，最后探究跟服务生命周期相关的服务注册机制、服务续约机制、服务注销机制、服务剔除机制、服务获取机制、和服务同步机制。', 'http://static.majunwei.com/userfiles/201610292143075020/images/cms/article/2018/12/eureka_01.png', '0', '', '0', 'PUBLISH', 'Eureka内部实现原理', '19', null), ('49', '2019-03-22 16:10:49', null, '2019-03-22 16:10:49', '1', '1', '本文将聚焦到Eureka的内部实现原理，先从微服务架构的部署图介绍Eureka的总体架构，然后剖析服务信息的存储结构，最后探究跟服务生命周期相关的服务注册机制、服务续约机制、服务注销机制、服务剔除机制、服务获取机制、和服务同步机制。', 'http://static.majunwei.com/userfiles/201610292143075020/images/cms/article/2018/12/eureka_01.png', '0', '', '0', 'PUBLISH', 'Eureka内部实现原理', '19', null), ('50', '2019-03-22 16:10:49', null, '2019-03-22 16:10:49', '1', '1', '本文将聚焦到Eureka的内部实现原理，先从微服务架构的部署图介绍Eureka的总体架构，然后剖析服务信息的存储结构，最后探究跟服务生命周期相关的服务注册机制、服务续约机制、服务注销机制、服务剔除机制、服务获取机制、和服务同步机制。', 'http://static.majunwei.com/userfiles/201610292143075020/images/cms/article/2018/12/eureka_01.png', '0', '', '0', 'PUBLISH', 'Eureka内部实现原理', '19', null), ('51', '2019-03-22 16:10:49', null, '2019-03-22 16:10:49', '1', '1', '本文将聚焦到Eureka的内部实现原理，先从微服务架构的部署图介绍Eureka的总体架构，然后剖析服务信息的存储结构，最后探究跟服务生命周期相关的服务注册机制、服务续约机制、服务注销机制、服务剔除机制、服务获取机制、和服务同步机制。', 'http://static.majunwei.com/userfiles/201610292143075020/images/cms/article/2018/12/eureka_01.png', '0', '', '0', 'PUBLISH', 'Eureka内部实现原理', '19', null), ('52', '2019-03-22 16:10:49', null, '2019-03-22 16:10:49', '1', '1', '本文将聚焦到Eureka的内部实现原理，先从微服务架构的部署图介绍Eureka的总体架构，然后剖析服务信息的存储结构，最后探究跟服务生命周期相关的服务注册机制、服务续约机制、服务注销机制、服务剔除机制、服务获取机制、和服务同步机制。', 'http://static.majunwei.com/userfiles/201610292143075020/images/cms/article/2018/12/eureka_01.png', '0', '', '0', 'PUBLISH', 'Eureka内部实现原理', '19', null), ('53', '2019-03-22 16:10:49', null, '2019-03-22 16:10:49', '1', '1', '本文将聚焦到Eureka的内部实现原理，先从微服务架构的部署图介绍Eureka的总体架构，然后剖析服务信息的存储结构，最后探究跟服务生命周期相关的服务注册机制、服务续约机制、服务注销机制、服务剔除机制、服务获取机制、和服务同步机制。', 'http://static.majunwei.com/userfiles/201610292143075020/images/cms/article/2018/12/eureka_01.png', '0', '', '0', 'PUBLISH', 'Eureka内部实现原理', '19', null), ('54', '2019-03-22 16:10:49', null, '2019-03-22 16:10:49', '1', '1', '本文将聚焦到Eureka的内部实现原理，先从微服务架构的部署图介绍Eureka的总体架构，然后剖析服务信息的存储结构，最后探究跟服务生命周期相关的服务注册机制、服务续约机制、服务注销机制、服务剔除机制、服务获取机制、和服务同步机制。', 'http://static.majunwei.com/userfiles/201610292143075020/images/cms/article/2018/12/eureka_01.png', '0', '', '0', 'PUBLISH', 'Eureka内部实现原理', '19', null), ('55', '2019-03-22 16:10:49', null, '2019-03-22 16:10:49', '1', '1', '本文将聚焦到Eureka的内部实现原理，先从微服务架构的部署图介绍Eureka的总体架构，然后剖析服务信息的存储结构，最后探究跟服务生命周期相关的服务注册机制、服务续约机制、服务注销机制、服务剔除机制、服务获取机制、和服务同步机制。', 'http://static.majunwei.com/userfiles/201610292143075020/images/cms/article/2018/12/eureka_01.png', '0', '', '0', 'PUBLISH', 'Eureka内部实现原理', '19', null), ('56', '2019-03-22 16:10:49', null, '2019-03-22 16:10:49', '1', '1', '本文将聚焦到Eureka的内部实现原理，先从微服务架构的部署图介绍Eureka的总体架构，然后剖析服务信息的存储结构，最后探究跟服务生命周期相关的服务注册机制、服务续约机制、服务注销机制、服务剔除机制、服务获取机制、和服务同步机制。', 'http://static.majunwei.com/userfiles/201610292143075020/images/cms/article/2018/12/eureka_01.png', '0', '', '0', 'PUBLISH', 'Eureka内部实现原理', '19', null), ('57', '2019-03-22 16:10:49', null, '2019-03-22 16:10:49', '1', '1', '本文将聚焦到Eureka的内部实现原理，先从微服务架构的部署图介绍Eureka的总体架构，然后剖析服务信息的存储结构，最后探究跟服务生命周期相关的服务注册机制、服务续约机制、服务注销机制、服务剔除机制、服务获取机制、和服务同步机制。', 'http://static.majunwei.com/userfiles/201610292143075020/images/cms/article/2018/12/eureka_01.png', '0', '', '0', 'PUBLISH', 'Eureka内部实现原理', '19', null), ('58', '2019-03-22 16:10:49', null, '2019-03-22 16:10:49', '1', '1', '本文将聚焦到Eureka的内部实现原理，先从微服务架构的部署图介绍Eureka的总体架构，然后剖析服务信息的存储结构，最后探究跟服务生命周期相关的服务注册机制、服务续约机制、服务注销机制、服务剔除机制、服务获取机制、和服务同步机制。', 'http://static.majunwei.com/userfiles/201610292143075020/images/cms/article/2018/12/eureka_01.png', '0', '', '0', 'PUBLISH', 'Eureka内部实现原理', '19', null), ('59', '2019-03-22 16:10:49', null, '2019-03-22 16:10:49', '1', '1', '本文将聚焦到Eureka的内部实现原理，先从微服务架构的部署图介绍Eureka的总体架构，然后剖析服务信息的存储结构，最后探究跟服务生命周期相关的服务注册机制、服务续约机制、服务注销机制、服务剔除机制、服务获取机制、和服务同步机制。', 'http://static.majunwei.com/userfiles/201610292143075020/images/cms/article/2018/12/eureka_01.png', '0', '', '0', 'PUBLISH', 'Eureka内部实现原理', '19', null), ('60', '2019-03-22 16:10:49', '25', '2019-03-22 16:10:49', '1', '1', '本文将聚焦到Eureka的内部实现原理，先从微服务架构的部署图介绍Eureka的总体架构，然后剖析服务信息的存储结构，最后探究跟服务生命周期相关的服务注册机制、服务续约机制、服务注销机制、服务剔除机制、服务获取机制、和服务同步机制。', 'http://static.majunwei.com/userfiles/201610292143075020/images/cms/article/2018/12/eureka_01.png', '0', '', '0', 'PUBLISH', 'Eureka内部实现原理', '19', null), ('61', '2019-03-22 16:10:49', '24', '2019-03-22 16:10:49', '1', '1', '本文将聚焦到Eureka的内部实现原理，先从微服务架构的部署图介绍Eureka的总体架构，然后剖析服务信息的存储结构，最后探究跟服务生命周期相关的服务注册机制、服务续约机制、服务注销机制、服务剔除机制、服务获取机制、和服务同步机制。', 'http://static.majunwei.com/userfiles/201610292143075020/images/cms/article/2018/12/eureka_01.png', '0', '', '0', 'PUBLISH', 'Eureka内部实现原理', '19', null), ('62', '2019-03-22 16:10:49', null, '2019-03-22 16:10:49', '1', '1', '本文将聚焦到Eureka的内部实现原理，先从微服务架构的部署图介绍Eureka的总体架构，然后剖析服务信息的存储结构，最后探究跟服务生命周期相关的服务注册机制、服务续约机制、服务注销机制、服务剔除机制、服务获取机制、和服务同步机制。', 'http://static.majunwei.com/userfiles/201610292143075020/images/cms/article/2018/12/eureka_01.png', '0', '', '0', 'PUBLISH', 'Eureka内部实现原理', '19', null), ('63', '2019-03-22 16:10:49', null, '2019-03-22 16:10:49', '1', '1', '本文将聚焦到Eureka的内部实现原理，先从微服务架构的部署图介绍Eureka的总体架构，然后剖析服务信息的存储结构，最后探究跟服务生命周期相关的服务注册机制、服务续约机制、服务注销机制、服务剔除机制、服务获取机制、和服务同步机制。', 'http://static.majunwei.com/userfiles/201610292143075020/images/cms/article/2018/12/eureka_01.png', '0', '', '0', 'PUBLISH', 'Eureka内部实现原理', '19', null), ('64', '2019-03-22 16:10:49', '24', '2019-03-22 16:10:49', '1', '1', '本文将聚焦到Eureka的内部实现原理，先从微服务架构的部署图介绍Eureka的总体架构，然后剖析服务信息的存储结构，最后探究跟服务生命周期相关的服务注册机制、服务续约机制、服务注销机制、服务剔除机制、服务获取机制、和服务同步机制。', 'http://static.majunwei.com/userfiles/201610292143075020/images/cms/article/2018/12/eureka_01.png', '0', '', '0', 'PUBLISH', 'Eureka内部实现原理', '19', null), ('65', '2019-03-22 16:10:49', null, '2019-03-22 16:10:49', '1', '1', '本文将聚焦到Eureka的内部实现原理，先从微服务架构的部署图介绍Eureka的总体架构，然后剖析服务信息的存储结构，最后探究跟服务生命周期相关的服务注册机制、服务续约机制、服务注销机制、服务剔除机制、服务获取机制、和服务同步机制。', 'http://static.majunwei.com/userfiles/201610292143075020/images/cms/article/2018/12/eureka_01.png', '0', '', '0', 'PUBLISH', 'Eureka内部实现原理', '19', null), ('66', '2019-03-22 16:10:49', null, '2019-03-22 16:10:49', '1', '1', '本文将聚焦到Eureka的内部实现原理，先从微服务架构的部署图介绍Eureka的总体架构，然后剖析服务信息的存储结构，最后探究跟服务生命周期相关的服务注册机制、服务续约机制、服务注销机制、服务剔除机制、服务获取机制、和服务同步机制。', 'http://static.majunwei.com/userfiles/201610292143075020/images/cms/article/2018/12/eureka_01.png', '0', '', '0', 'PUBLISH', 'Eureka内部实现原理', '19', null), ('67', '2019-03-22 16:10:49', null, '2019-03-22 16:10:49', '1', '1', '本文将聚焦到Eureka的内部实现原理，先从微服务架构的部署图介绍Eureka的总体架构，然后剖析服务信息的存储结构，最后探究跟服务生命周期相关的服务注册机制、服务续约机制、服务注销机制、服务剔除机制、服务获取机制、和服务同步机制。', 'http://static.majunwei.com/userfiles/201610292143075020/images/cms/article/2018/12/eureka_01.png', '0', '', '0', 'PUBLISH', 'Eureka内部实现原理', '19', null), ('68', '2019-03-22 16:10:49', null, '2019-03-22 16:10:49', '1', '1', '本文将聚焦到Eureka的内部实现原理，先从微服务架构的部署图介绍Eureka的总体架构，然后剖析服务信息的存储结构，最后探究跟服务生命周期相关的服务注册机制、服务续约机制、服务注销机制、服务剔除机制、服务获取机制、和服务同步机制。', 'http://static.majunwei.com/userfiles/201610292143075020/images/cms/article/2018/12/eureka_01.png', '0', '', '0', 'PUBLISH', 'Eureka内部实现原理', '19', null), ('69', '2019-03-22 16:10:49', null, '2019-03-22 16:10:49', '1', '1', '本文将聚焦到Eureka的内部实现原理，先从微服务架构的部署图介绍Eureka的总体架构，然后剖析服务信息的存储结构，最后探究跟服务生命周期相关的服务注册机制、服务续约机制、服务注销机制、服务剔除机制、服务获取机制、和服务同步机制。', 'http://static.majunwei.com/userfiles/201610292143075020/images/cms/article/2018/12/eureka_01.png', '0', '', '0', 'PUBLISH', 'Eureka内部实现原理', '19', null), ('70', '2019-03-22 16:10:49', null, '2019-03-22 16:10:49', '1', '1', '本文将聚焦到Eureka的内部实现原理，先从微服务架构的部署图介绍Eureka的总体架构，然后剖析服务信息的存储结构，最后探究跟服务生命周期相关的服务注册机制、服务续约机制、服务注销机制、服务剔除机制、服务获取机制、和服务同步机制。', 'http://static.majunwei.com/userfiles/201610292143075020/images/cms/article/2018/12/eureka_01.png', '0', '', '0', 'PUBLISH', 'Eureka内部实现原理', '19', null), ('71', '2019-03-22 16:10:49', null, '2019-03-22 16:10:49', '1', '1', '本文将聚焦到Eureka的内部实现原理，先从微服务架构的部署图介绍Eureka的总体架构，然后剖析服务信息的存储结构，最后探究跟服务生命周期相关的服务注册机制、服务续约机制、服务注销机制、服务剔除机制、服务获取机制、和服务同步机制。', 'http://static.majunwei.com/userfiles/201610292143075020/images/cms/article/2018/12/eureka_01.png', '0', '', '0', 'PUBLISH', 'Eureka内部实现原理', '19', null), ('72', '2019-03-22 16:10:49', null, '2019-03-22 16:10:49', '1', '1', '本文将聚焦到Eureka的内部实现原理，先从微服务架构的部署图介绍Eureka的总体架构，然后剖析服务信息的存储结构，最后探究跟服务生命周期相关的服务注册机制、服务续约机制、服务注销机制、服务剔除机制、服务获取机制、和服务同步机制。', 'http://static.majunwei.com/userfiles/201610292143075020/images/cms/article/2018/12/eureka_01.png', '0', '', '0', 'PUBLISH', 'Eureka内部实现原理', '19', null), ('73', '2019-03-22 16:10:49', null, '2019-03-22 16:10:49', '1', '1', '本文将聚焦到Eureka的内部实现原理，先从微服务架构的部署图介绍Eureka的总体架构，然后剖析服务信息的存储结构，最后探究跟服务生命周期相关的服务注册机制、服务续约机制、服务注销机制、服务剔除机制、服务获取机制、和服务同步机制。', 'http://static.majunwei.com/userfiles/201610292143075020/images/cms/article/2018/12/eureka_01.png', '0', '', '0', 'PUBLISH', 'Eureka内部实现原理', '19', null), ('74', '2019-03-22 16:10:49', null, '2019-03-22 16:10:49', '1', '1', '本文将聚焦到Eureka的内部实现原理，先从微服务架构的部署图介绍Eureka的总体架构，然后剖析服务信息的存储结构，最后探究跟服务生命周期相关的服务注册机制、服务续约机制、服务注销机制、服务剔除机制、服务获取机制、和服务同步机制。', 'http://static.majunwei.com/userfiles/201610292143075020/images/cms/article/2018/12/eureka_01.png', '0', '', '0', 'PUBLISH', 'Eureka内部实现原理', '19', null), ('75', '2019-03-22 16:10:49', null, '2019-03-22 16:10:49', '1', '1', '本文将聚焦到Eureka的内部实现原理，先从微服务架构的部署图介绍Eureka的总体架构，然后剖析服务信息的存储结构，最后探究跟服务生命周期相关的服务注册机制、服务续约机制、服务注销机制、服务剔除机制、服务获取机制、和服务同步机制。', 'http://static.majunwei.com/userfiles/201610292143075020/images/cms/article/2018/12/eureka_01.png', '0', '', '0', 'PUBLISH', 'Eureka内部实现原理', '19', null), ('76', '2019-03-22 16:10:49', null, '2019-03-22 16:10:49', '1', '1', '本文将聚焦到Eureka的内部实现原理，先从微服务架构的部署图介绍Eureka的总体架构，然后剖析服务信息的存储结构，最后探究跟服务生命周期相关的服务注册机制、服务续约机制、服务注销机制、服务剔除机制、服务获取机制、和服务同步机制。', 'http://static.majunwei.com/userfiles/201610292143075020/images/cms/article/2018/12/eureka_01.png', '0', '', '0', 'PUBLISH', 'Eureka内部实现原理', '19', null), ('77', '2019-03-22 16:10:49', null, '2019-03-22 16:10:49', '1', '1', '本文将聚焦到Eureka的内部实现原理，先从微服务架构的部署图介绍Eureka的总体架构，然后剖析服务信息的存储结构，最后探究跟服务生命周期相关的服务注册机制、服务续约机制、服务注销机制、服务剔除机制、服务获取机制、和服务同步机制。', 'http://static.majunwei.com/userfiles/201610292143075020/images/cms/article/2018/12/eureka_01.png', '0', '', '0', 'PUBLISH', 'Eureka内部实现原理', '19', null), ('78', '2019-03-22 16:10:49', null, '2019-03-22 16:10:49', '1', '1', '本文将聚焦到Eureka的内部实现原理，先从微服务架构的部署图介绍Eureka的总体架构，然后剖析服务信息的存储结构，最后探究跟服务生命周期相关的服务注册机制、服务续约机制、服务注销机制、服务剔除机制、服务获取机制、和服务同步机制。', 'http://static.majunwei.com/userfiles/201610292143075020/images/cms/article/2018/12/eureka_01.png', '0', '', '0', 'PUBLISH', 'Eureka内部实现原理', '19', null), ('79', '2019-03-22 16:10:49', null, '2019-03-22 16:10:49', '1', '1', '本文将聚焦到Eureka的内部实现原理，先从微服务架构的部署图介绍Eureka的总体架构，然后剖析服务信息的存储结构，最后探究跟服务生命周期相关的服务注册机制、服务续约机制、服务注销机制、服务剔除机制、服务获取机制、和服务同步机制。', 'http://static.majunwei.com/userfiles/201610292143075020/images/cms/article/2018/12/eureka_01.png', '0', '', '0', 'PUBLISH', 'Eureka内部实现原理', '19', null), ('80', '2019-03-22 16:10:49', '25', '2019-03-29 14:53:26', '2', '1', '本文将聚焦到Eureka的内部实现原理，先从微服务架构的部署图介绍Eureka的总体架构，然后剖析服务信息的存储结构，最后探究跟服务生命周期相关的服务注册机制、服务续约机制、服务注销机制、服务剔除机制、服务获取机制、和服务同步机制。', 'http://static.majunwei.com/userfiles/201610292143075020/images/cms/article/2018/12/eureka_01.png', '1', '', '0', 'PUBLISH', 'Eureka内部实现原理', '19', null), ('81', '2019-03-26 14:36:14', null, '2019-06-05 09:07:53', '5', '1', '123', '', '4', '123', '0', 'PUBLISH', '测试文章', '18', null), ('82', '2019-03-26 14:55:03', null, '2019-04-05 16:48:26', '4', '1', '', '', '4', '', '0', 'PUBLISH', 'asdf', '20', null), ('84', '2019-03-28 12:56:08', '24', '2019-05-13 17:50:50', '18', '1', '', '', '8', '', '0', 'DELETE', '测试文章', '5', null), ('85', '2019-03-29 14:54:52', '24', '2019-04-05 17:03:20', '3', '1', '阿斯顿发生地方', '', '2', '阿斯顿发生地方', '0', 'PUBLISH', '阿斯顿发生地方', '5', null), ('86', '2019-05-07 17:48:39', '24', '2019-05-07 17:48:39', '1', '1', 'asdf', '', '0', 'asdf', '0', 'PUBLISH', 'asdf', '5', null), ('87', '2019-05-14 16:43:08', '24', '2019-05-14 16:43:08', '1', '1', 'asdf', 'asdf', '0', 'asdf', '0', 'PUBLISH', 'fasf', '5', null), ('88', '2019-05-14 16:46:48', '24', '2019-05-14 16:46:48', '1', '1', 'ffffff', '', '0', 'dsfgasdf', '0', 'PUBLISH', 'fff', '5', null), ('89', '2019-05-14 16:56:40', '24', '2019-05-14 16:56:40', '0', '1', 'asdfasdf', '', '0', 'asdfasdf', '0', 'PUBLISH', 'asfasdf', '5', null), ('90', '2019-05-15 09:56:50', '24', '2019-05-15 09:56:50', '1', '1', 'zxcv', '', '0', 'vzxcv', '0', 'PUBLISH', 'dsv', '10', null), ('91', '2019-05-15 09:57:48', '24', '2019-05-15 09:57:48', '1', '1', 'zxcv', '', '0', 'vzxcv', '0', 'PUBLISH', 'dsv', '10', null), ('92', '2019-05-16 08:54:26', '24', '2019-05-16 08:54:26', '1', '1', 'asdf', '', '0', 'asdf', '0', 'PUBLISH', 'fda', '5', null), ('93', '2019-05-16 08:54:48', '24', '2019-05-16 08:54:48', '1', '1', 'asdf', '', '0', 'asdf', '0', 'PUBLISH', 'fda', '5', null), ('94', '2019-05-16 08:54:52', '24', '2019-05-16 08:54:52', '1', '1', 'asdf', '', '0', 'asdf', '0', 'PUBLISH', 'fda', '5', null), ('95', '2019-05-16 08:56:53', '24', '2019-05-16 08:56:53', '1', '1', 'asdf', '', '0', 'asdf', '0', 'PUBLISH', 'asdf', '5', null), ('96', '2019-05-16 08:58:08', '24', '2019-05-16 09:13:10', '3', '0', 'asdf', '', '0', 'asdf', '0', 'AUDIT', 'sadf', '5', null), ('97', '2019-05-16 10:19:37', '24', '2019-05-16 10:19:37', '1', '1', 'asdf', 'data:image/jpeg;base64,/9j/4AAQSkZJRgABAQAAAQABAAD//gA7Q1JFQVRPUjogZ2QtanBlZyB2MS4wICh1c2luZyBJSkcgSlBFRyB2OTApLCBxdWFsaXR5ID0gODYK/9sAQwAEAwMEAwMEBAQEBQUEBQcLBwcGBgcOCgoICxAOEREQDhAPEhQaFhITGBMPEBYfFxgbGx0dHREWICIfHCIaHB0c/9sAQwEFBQUHBgcNBwcNHBIQEhwcHBwcHBwcHBwcHBwcHBwcHBwcHBwcHBwcHBwcHBwcHBwcHBwcHBwcHBwcHBwcHBwc/8AAEQgCzQJiAwEiAAIRAQMRAf/EAB8AAAEFAQEBAQEBAAAAAAAAAAABAgMEBQYHCAkKC//EALUQAAIBAwMCBAMFBQQEAAABfQECAwAEEQUSITFBBhNRYQcicRQygZGhCCNCscEVUtHwJDNicoIJChYXGBkaJSYnKCkqNDU2Nzg5OkNERUZHSElKU1RVVldYWVpjZGVmZ2hpanN0dXZ3eHl6g4SFhoeIiYqSk5SVlpeYmZqio6Slpqeoqaqys7S1tre4ubrCw8TFxsfIycrS09TV1tfY2drh4uPk5ebn6Onq8fLz9PX29/j5+v/EAB8BAAMBAQEBAQEBAQEAAAAAAAABAgMEBQYHCAkKC//EALURAAIBAgQEAwQHBQQEAAECdwABAgMRBAUhMQYSQVEHYXETIjKBCBRCkaGxwQkjM1LwFWJy0QoWJDThJfEXGBkaJicoKSo1Njc4OTpDREVGR0hJSlNUVVZXWFlaY2RlZmdoaWpzdHV2d3h5eoKDhIWGh4iJipKTlJWWl5iZmqKjpKWmp6ipqrKztLW2t7i5usLDxMXGx8jJytLT1NXW19jZ2uLj5OXm5+jp6vLz9PX29/j5+v/aAAwDAQACEQMRAD8A+7KKKKACiiigAooooAKKKKACiiigAooooAKKKKACiiigAooooAKKKKACiiigAooooAKKKKACiiigAoqOSWO3jkkkkRIo/vu77VX6mvCfiB+1x8PfBfmW+n3D+I9TTd8mmf6vd7zH5f8AvndTSb2A96rP1jXNK8N232vWNUstPtf+e17Kka/+PGvz38cftifELxR5lvpclr4fsZP+fJN03/fxs/oBXhOqaxqWuXX2zVNQutQuv+e11KZG/Nia0VJ9RXP0a8UftcfC/wAN+ZHb6xNq0v8Ac0y3LL/3221fyzXkviD9vD/WR+H/AAf/ALj6hd/+yoP618Y0VoqUUFz6G1j9sz4m6h/x5yaTpkX/AExtNzfmxP8AKuJ1D9ov4qap/wAfHjjU/wDtj5cP/oKivL6KrlXYR1V58TPGl5/x8eMPED/7+pz7fy3YrI/4SjXP+gxqf/gXJ/jWZRTsBqf8JJrn/QY1D/wLk/xq9Z+PPF2n/wDHn4o12H/rjqEq/wAmrnaKAPQtP+OnxJ0v/j38ca7/AMDuPM/9D3V2Gl/tefFfS/8AWa5bah/1+2Mbf+g7a8Noo5V2A+ttD/bs8QW//Ic8J6fdRf37KZ4W/I5FeqeG/wBtj4e6p5cesW+raLL/AH5ovOj/ADTn/wAdr89aKj2cR3P108LfEjwl44i/4p/xJpmof9M4Zh5n/fBw35iuor8ZY5JI5Y5I/klj+46feSvVvBf7R/xJ8EeXHZ+IJr2xj/5dtT/0iP8A76b5h+dQ6XYLn6iUV8o+A/24NA1Ty7fxhpc2jXP/AD9W2bi3/EffH/j1fS/hvxTofi/TI9Q8P6pZ6nYv/wAtrWUN+fp+NZOLW4zXooopAFFFFABRRRQAUUUUAFFFFABRRRQAUUUUAFFFFABRRRQAUUUUAFFFFABRRRQAUUUUAFFFFABRRRQAUUUUAFFFFABRRRQAUUUUAFFFFABRRRQAUUUUAFFFFABRRRQAUUUUAFFFFABRRRQAUUVxPxI+LHhn4V6R/aHiC82Syf8AHvZJ81xcN6In8yePehK+iA7ST93Xzr8VP2wPCvgeW40/w/8A8VHrEfyfuX22sTe8n8f0X86+VfjB+0p4u+KktxZ+Z/ZPh7+DT7Z/9av/AE1fgv8AThfavGa3jS6sVz0D4ifGjxp8UJZP+Eg1h3sf4NPtv3dqn/AB1+rZrz+iitUraIQUUUUwCiiigAooooAKKKKACiiigAooooAKKKKACiiigArY8N+KNc8H6nHqGh6pdaZff89rVyu/69j9DmseikB9lfC/9tyT93p/xA0/f/B/a2np/wCjIf6r+VfX3h/xJo/izTLfVND1C11Cxn+5NC+5fx9D7Hmvx3rrPAfxI8TfDPV/7Q8N6o9lL/y2h+9DP7SJ0P8AOs5Ur7DufrhRXgfwX/ak8OfFD7PpeqbNF8TSfJ9md/3N03/TJz3/ANlufTNe+Vg1bRjCiiikAUUUUAFFFFABRRRQAUUUUAFFFFABRRRQAUUUUAFFFFABRRRQAUUUUAFFFFABRRRQAUUUUAFFFFABRRRQAUUUUAFFFFABRRRQAUUUUAFFFFABRRRQAUUUUAFFFFABRRXyn+0h+1InhP7Z4T8F3CPrn3LvU0wy2X95E9ZfU9F+tNRb2A6v4+/tN6X8MI7jQtDMOp+Lv7g+aKz/ANqXHVvRPzr8+vEnijWPGGr3Gsa5qE2oanP9+ab/ANBHYAdgOKzZJJLiWSSSR3lkfe7v8zO3qajrpjDlEFFFFWIKKKKACiiigAooooAKKKKACiiigAooooAKKKKACiiigAooooAKKKKACiiigB3+rr6y+Af7XF3o8tv4b+IFw91pn3LbWX+aa39pe7r/ALXUe9fJdFTKKluB+y1vcQXltHcW8qTW06K6TI+5WU/dII4INTV+b/7Pf7Rl98J7mPR9Y8698ITv86feks2/vx+3qvftX6KaXqljrmmW+oafcJdWN2izQzQvuV1P8QrmlHlKLlFFFSAUUUUAFFFFABRRRQAUUUUAFFFFABRRRQAUUUUAFFFFABRRRQAUUUUAFFFFABRRRQAUUUUAFFFFABRRRQAUUUUAFFFFABRRRQAUUUUAFFFFABRRRQAUUV4n+0Z8cIPhH4a+z6fIj+KtSRktE/54L0aZx6D+H1NNK+iA4j9p/wDaN/4QiKTwf4TuMeIZ1/0u9T/lwU9h/wBNT/47XwR/rKkvLifULm4vLiR57md2eaZ33MzH7zEnvUNdUY8ogoooqhBRRRQAUUUUAFFFFABRRRQAUUUUAFFFFABRRRQAUUUUAFFFFABRRRQAUUUUAFFFFABRRRQAV71+zn+0Jd/CvUo9H1iR5/CF3L++T7zWbH/lont/eXv1rwWik1fRgfstZ3kGoW1veWciT2s6LNDMj7lZTypB9CKmr4R/ZM+Pn/CN31v4D8SXn/Enu32adczf8usx/wCWR/2WPT0P+9X3dXLKPK7FBRRRUgFFFFABRRRQAUUUUAFFFFABRRRQAUUUUAFFFFABRRRQAUUUUAFFFFABRRRQAUUUUAFFFFABRRRQAUUUUAFFFFABRRRQAUUUUAFFFFABRRRQBzvjjxppXw/8K6h4k1iTZY2Kb/8Aalb+FE92PAr8q/iB441X4keL9Q8SaxJ/pN2/3P4Yox9yMewFe3ftefGD/hNPF3/CJ6Xcb9D8Pyt5zp92e86MfonQe+6vmuuinG3vCYUUUVqIKKKKACiiigAooooAKKKKACiiigAooooAKKKKACiiigAooooAKKKKACiiigAooooAKKKKACiiigAooooAK/Rb9lf42f8ACyPCv/CP6xcb/E2jRKju/wB66t+gl+o6N/wE1+dNdN4A8b6j8PPF2l+I9Lk/0mxl37P4ZY/40Psw4qJx5lYZ+u1FYvhPxRp3jTw1pfiDS5N9jqUSzJ/sf3gfcHg/7tbVcowooooAKKKKACiiigAooooAKKKKACiiigAooooAKKKKACiiigAooooAKKKKACiiigAooooAKKKKACiiigAooooAKKKKACiiigAooooAK8n/AGiPih/wqv4c3moW8n/E4vv9E07/AK6FeX+ijn616xX5u/tafEz/AITz4lXGn28m/R/D260h/utN/wAtX/Pgey1UI8zsB4PJJ5n7ySR3l/vv96m0UV1khRRRQAUUUUAFFFFABRRRQAUUUUAFFFFABRRRQAUUUUAFFFFABRRRQAUUUUAFFFFABRRRQAUUUUAFFFFABRRRQAUUUUAfXn7E/wAVPsep3nw/1CT/AEa+3Xenb/4Zh9+P/gQ+b6q1fcFfjnoesXXh/V9P1jT5PJvrGWO5hf8AuMhytfrV4D8YWnjzwho/iSz/ANVqVus2z+438SfgdwrmqKzuNHRUUUVmMKKKKACiiigAooooAKKKKACiiigAooooAKKKKACiiigAooooAKKKKACiiigAooooAKKKKACiiigAooooAKKKKACiiigAooooA4P4yePP+Fb/AA08QeIP+XqCLybZP79xJ8ifq2a/KGSSSSWSSSTfLJ87v/fY/eP4mvsX9ufxv5l14c8F28n3N2qXf+8fkiH5eYf+BV8cV0UlZXYgooorUQUUUUAFFFFABRRRQAUUUUAFFFFABRRRQAUUUUAFFFFABRRRQAUUUUAFFFFABRRRQAUUUUAFFFFABRRRQAUUUUAFFFFABX2t+w38QPMttc8D3kn+o/4mNj/unAlT89rf8Cavimu8+C/jR/h/8SvDeueZ/osdwsNz/twyfI/6NUzV0M/WCij/AMforkGFFFFABRRRQAUUUUAFFFFABRRRQAUUUUAFFFFABRRRQAUUUUAFFFFABRRRQAUUUUAFFFFABRRRQAUUUUAFFFFABRRRQAUUVyPxU8Uf8IX8OfFGuf8ALSw0+V0/66EYQfiWWhAfmn8cPGH/AAnHxZ8UaxHJvtftbW1t/wBcYvkX/wBBrz2j/wAforsSsSFFFFMAooooAKKKKACiiigAooooAKKKKACiiigAooooAKKKKACiiigAooooAKKKKACiiigAooooAKKKKACiiigAooooAKKKKACiiigD9UP2f/GH/CcfCLwvqkkm+5jt/slz/wBdovkb/wBBr0yvkP8AYT8UfaND8WeG5JP+PS4jvof92RdjY+hjX/vqvryuSSsygoooqQCiiigAooooAKKKKACiiigAooooAKKKKACiiigAooooAKKKKACiiigAooooAKKKKACiiigAooooAKKKKACiiigAr5y/bU8Qf2X8Io9PjP7zVdQih/7ZpmQ/qqV9G18R/t4ax5mr+C9H/wCedvPd7P8AfKp/7LVw+JAfH9FFFdRIUUUUAFFFFABRRRQAUUUUAFFFFABRRRQAUUUUAFFFFABRRRQAUUUUAFFFFABRRRQAUUUUAFFFFABRRRQAUUUUAFFFFABRRRQAUUUUAfQH7G/iD+x/jPb2fmbItZsZ7T/gQ/eL+sdfo5X5J/CfWP8AhH/iX4P1T7nkanB/3yXx/wCzV+tlc9VajQUUUVkMKKKKACiiigAooooAKKKKACiiigAooooAKKKKACiiigAooooAKKKKACiiigAooooAKKKKACiiigAooooAKKKKACvzl/bL1T7Z8a7i3/58dPtof+BEMxr9Gq/Ln9pTUP7Q+OHjST/nndrD/wB8RpWlLcTPKaKKK6RBRRRQAUUUUAFFFFABRRRQAUUUUAFFFFABRRRQAUUUUAFFFFABRRRQAUUUUAFFFFABRRRQAUUUUAFFFFABRRRQAUUUUAFFFFABRRRQA6O4ks5Y7iP/AFsH75P94c1+xmh3n9oaRp95/wA97eKb80Br8ca/WH4LagdU+EXgi8/56aVBu/3tlY1ug0d3RRRWAwooooAKKKKACiiigAooooAKKKKACiiigAooooAKKKKACiiigAooooAKKKKACiiigAooooAKKKKACiiigAooooAdX5L/ABguPtnxU8aSf9Raf9Hx/wCy1+tEf+tjr8hfiB/yPviz/sMXv/pQ9bUuomc3RRRW4gooooAKKKKACiiigAooooAKKKKACiiigAooooAKKKKACiiigAooooAKKKKACiiigAooooAKKKKACiiigAooooAKKKKACiiigAooooAK/UL9mO4+0fArwX/0zt2h/wC+JSK/L2v0w/ZLkeT4A+F/M/563af8BFzJWVXZDR7ZRRRXOMKKKKACiiigAooooAKKKKACiiigAooooAKKKKACiiigAooooAKKKKACiiigAooooAKKKKACiiigAooooAKKKKAHV+P/AI4jePxn4kjk/wBbHqd3v/3vOev2Aj/1kf8Av1+RPxIt/s/xG8YR/wDUWu/1mc1tSEzl6KKK3EFFFFABRRRQAUUUUAFFFFABRRRQAUUUUAFFFFABRRRQAUUUUAFFFFABRRRQAUUUUAFFFFABRRRQAUUUUAFFFFABRRRQAUUUUAFFFFABX6Xfsj/8kB8N/wDXxe/+lMtfmjX6bfspxpH8BvC/l/8ALT7S/wCc71lV2Gj2aiiiucYUUUUAFFFFABRRRQAUUUUAFFFFABRRRQAUUUUAFFFFABRRRQAUUUUAFFFFABRRRQAUUUUAFFFFABRRRQAUUUUAFfk/8bLP+z/i740t/wDnnq0/6tn/ANmr9YK/MH9qCz+x/HXxh/03ljm/OJP/AImtaW7EzyGiiiugQUUUUAFFFFABRRRQAUUUUAFFFFABRRRQAUUUUAFFFFABRRRQAUUUUAFFFFABRRRQAUUUUAFFFFABRRRQAUUUUAFFFFABRRRQAUUUUAFfqR+zXZ/Y/gV4Lj/56WPnf99sTX5b1+tnwn0/+y/hh4Ls/ueRpNsmz/gC1lV2Q0dhRRRXOMKKKKACiiigAooooAKKKKACiiigAooooAKKKKACiiigAooooAKKKKACiiigAooooAKKKKACiiigAooooAKKKKACvzt/bU0v+z/jFHef9BLTIH/74yjV+iVfE/7eGl+XqfgvWPL/ANZFPab/AKMH/wDZq0p/EB8d0UUV0khRRRQAUUUUAFFFFABRRRQAUUUUAFFFFABRRRQAUUUUAFFFFABRRRQAUUUUAFFFFABRRRQAUUUUAFFFFABRRRQAUUUUAFFFFABRRRQBNZ2/9oXNvZ/893WH/vs4/wDZq/YzS7P+z9Ms7P8A54RRw/kMV+Ufwf0f/hIPip4P0/7/AJ+pwb/90Hd/7LX6zVhW6DQUUUViMKKKKACiiigAooooAKKKKACiiigAooooAKKKKACiiigAooooAKKKKACiiigAooooAKKKKACiiigAooooAKKKKACvm/8AbY0P+1PhFHqHl/vNJ1CKb/cjkyjfqyV9IVwPxs8N/wDCWfCbxhpcce+WTT5HhT/ppH86fqq04uzQH5Q0UUV2EhRRRQAUUUUAFFFFABRRRQAUUUUAFFFFABRRRQAUUUUAFFFFABRRRQAUUUUAFFFFABRRRQAUUUUAFFFFABRRRQAUUUUAFFFFABRRRQB79+xxof8AbHxrs7z/AJZaTZT3b/7xHlj9ZFr9Hq+M/wBg/wAP/uvGniCT/phYw/hl3/8AZK+zK5qnxFBRRRWYBRRRQAUUUUAFFFFABRRRQAUUUUAFFFFABRRRQAUUUUAFFFFABRRRQAUUUUAFFFFABRRRQAUUUUAFFFFABRRRQAU2WNJIvLk/1b/I/wDumnUUAfkL488NyeE/HHiDQ5Pk/s2+lhT/AHQfl/8AHNtc7X0V+2Z4T/sP4s/2pHH/AKLrtpHc/wDbRPkf/wBBU/8AAq+da64u6uSFFFFUAUUUUAFFFFABRRRQAUUUUAFFFFABRRRQAUUUUAFFFFABRRRQAUUUUAFFFFABRRRQAUUUUAFFFFABRRRQAUUUUAFFFFABRRV7R9Hn8Qavp+l2/wA9zfXEdsn+8520AfpJ+yn4b/4Rv4KeH5P+WureZqL/APbQ/J+SKor2qs/Q9Lg0PSNP0u3/ANVY28dsn+6i4rQrjbuUFFFFIAooooAKKKKACiiigAooooAKKKKACiiigAooooAKKKKACiiigAooooAKKKKACiiigAooooAKKKKACiiigAooooAKKKKAPmX9tzwf/bHw00/xBHH+90K+Xf8A9cZfkb/x/wAuvz9r9fPHnheDxx4M1zw/cf6rUrSS2/3GK/KfwO2vyLvLOfT764s7iPZdQO0Myf7SHDfrXRSelhMr0UUVqIKKKKACiiigAooooAKKKKACiiigAooooAKKKKACiiigAooooAKKKKACiiigAooooAKKKKACiiigAooooAKKKKACiiigAr3j9kPwf/wlHxm0+8kj32uhRSai/wD10Hyxf+Ptn/gNeD199fsR+C/7H8B6p4okj/0nXbjZD/17xcL+bsxqKjtFjPqKiiiuUYUUUUAFFFFABRRRQAUUUUAFFFFABRRRQAUUUUAFFFFABRRRQAUUUUAFFFFABRRRQAUUUUAFFFFABRRRQAUUUUAFFFFABRRRQAV+bP7Wngf/AIQ/4u6heRx7LHXUXUYf7vmHiUf99rn/AIFX6TV86/tkeA/+Eo+GH9uW8f8Ap3huX7T/ALX2d/llH4fK3/Aaum7SA/O2iiiuokKKKKACiiigAooooAKKKKACiiigAooooAKKKKACiiigAooooAKKKKACiiigAooooAKKKKACiiigAooooAKKKKACiiigC1pen3WsanZ6fZx77q7lW2hT/po5wtfrt4L8NweD/Cuj+H7f/VabaR235L8x/E7q+DP2NPAf/CU/E/8Atu4j32PhuL7R/wBt34i/L5m/4CtfofXPVethoKKKKyGFFFFABRRRQAUUUUAFFFFABRRRQAUUUUAFFFFABRRRQAUUUUAFFFFABRRRQAUUUUAFFFFABRRRQAUUUUAFFFFABRRRQAUUUUAFVdU0+DVNMvNPvI99tdxNDMn95XGGq1RQB+RPxA8H3Xw/8Z654bvP9bptwyI/96Pqj/im01zNfan7cHw78yLR/HlnH/q/+Jdff7vWJz+O5f8AgS18V11wd0IKKKKoQUUUUAFFFFABRRRQAUUUUAFFFFABRRRQAUUUUAFFFFABRRRQAUUUUAFFFFABRRRQAUUUUAFFFFABRRRQAUUV6h+z38N/+FmfE/R9Lkj36ZaP9uvv+uMbfd/4Edq0m7agfcn7L/w7f4f/AAr0/wC2R7NT1n/iY3P+xvHyJ+Cba9ooorkbvqygooopAFFFFABRRRQAUUUUAFFFFABRRRQAUUUUAFFFFABRRRQAUUUUAFFFFABRRRQAUUUUAFFFFABRRRQAUUUUAFFFFABRRRQAUUUUAFFFFAGD408J2Pjjwrqnh/UP+PXUrdoX/wBnPRh7g81+S/ijw3feD/EOqaHqkey+024a3m/D+L6HqK/Yavi39tz4X/vdP+IGnx/3bTVNn/kKU/8AoJ/4DWlN2dgPjWiiiukkKKKKACiiigAooooAKKKKACiiigAooooAKKKKACiiigAooooAKKKKACiiigAooooAKKKKACiiigAooooAK/Rj9kP4Zf8ACEfDka5eR7NY8R7bl9/3ooP+WSfj94/71fGvwD+GcnxU+Iul6XJH/wASiD/S9Rf/AKd0b7v1Y/KP+BV+pkccccUccfyRR/In+7WFWXRDQ6iiisRhRRRQAUUUUAFFFFABRRRQAUUUUAFFFFABRRRQAUUUUAFFFFABRRRQAUUUUAFFFFABRRRQAUUUUAFFFFABRRRQAUUUUAFFFFABRRRQAUUUUAFZXiTw/Y+LND1DQ9Tj86xv4WimT/ZPp7jqPetWigD8ifiB4Lvvh34v1Tw3qH+tsZdiP/z1jPKOPZhzXM1+gX7YHwf/AOEw8K/8Jhpdvv1jQ4v9IRPvT2vVvqU6/TdX5+11QlzK4goooqxBRRRQAUUUUAFFFFABRRRQAUUUUAFFFFABRRRQAUUUUAFFFFABRRRQAUUUUAFFFFABRRRQAUUV9Cfsn/B//hYnjP8AtzULff4e0J1mff8AduLjqkX0H3m/4DSk7K4H1V+y/wDCf/hWfw+t7i8t9niHXdt3ef3ol/gi/wCAjr7s1e3UUVyN31ZQUUUUgCiiigAooooAKKKKACiiigAooooAKKKKACiiigAooooAKKKKACiiigAooooAKKKKACiiigAooooAKKKKACiiigAooooAKKKKACiiigAooooAKKKKAGyfvP3cnzxV+Z/7Snwfk+FfjiSSzt3/AOEZ1Z2msX/hib+OH/gPb/Z21+mVcX8VPhvpvxU8Gah4b1D5PM+e2uf4oJh9xx/I+o3VcJcrA/JeitbxR4b1Hwf4h1DQ9Yt/sup2MrQzJ/7MPUEcg+lZNdRIUUUUAFFFFABRRRQAUUUUAFFFFABRRRQAUUUUAFFFFABRRRQAUUUUAFFFFABRRRQAUUUUAbHhfw3qXjDxDp+h6Pb+dfX0ywwp/wCzH2A5Jr9Vvhn8P9O+GfgzS/Den/6q0T99N/FPMfvufqenttFeJ/sj/BP/AIQvw9/wmGuW+zXdZi/0ZH+9a2p5/Bn6n0G0V9NVzVJX0KCiiiswCiiigAooooAKKKKACiiigAooooAKKKKACiiigAooooAKKKKACiiigAooooAKKKKACiiigAooooAKKKKACiiigAooooAKKKKACiiigAooooAKKKKACiiigAooooA+bf2rPgV/wn+h/wDCUaHb7/E2lRfOifevbcfwe7r1X16V+etfs5Xwj+1h+z//AMI3fXHjzw3b/wDEnu336jbJ/wAush/5agf8827+h/3q2pz+ywPlGiiityQooooAKKKKACiiigAooooAKKKKACiiigAooooAKKKKACiiigAooooAKKKKACvpD9lP4F/8LA1z/hKNct/+KZ0qX5Ef7t5cD+D3Rere/Feb/Bf4R6j8YPF8el2++HTINs2o3v8Az7x+3+23RR+NfqB4b8Pab4T0TT9E0e2jtdMsYfJhhT+7/UnqT3NZVJ20QzUooornGFFFFABRRRQAUUUUAFFFFABRRRQAUUUUAFFFFABRRRQAUUUUAFFFFABRRRQAUUUUAFFFFABRRRQAUUUUAFFFFABRRRQAUUUUAFFFFABRRRQAUUUUAFFFFABRRRQAUUUUAFQ3llb6jbT2dxFHPbTo0UsL/MrKfvAj0qaigD81/wBoz4B3fwn1z+0NLjebwffP/oz/AHmtZP8Ani//ALKe4968Lr9ifEPh7TvFOkXmj6vaJc6bdo0M0L/dZf8AEdQexr8yvjx8G7v4N+Lv7P8AM+06PfI02nXL/eaMN8yP/tL39etdFOd9GI8rooorUQUUUUAFFFFABRRRQAUUUUAFFFFABRRRQAUUUUAFFFFABRRRQAV03w/8B658SPEtn4f0O3865n++/wDyzgj/AIpHPYD9elYOn2c+qX1vZ28e+6u5VhhT++xOFr9Sfgv8HNK+DfhoWFvsudXuPnvtQ2fNK390eka9h+NROfKM1/hd8M9H+FfhW30DR/n/AI7m5f8A1l1N/E5/oOwrtKKK5W76sYUUUUAFFFFABRRRQAUUUUAFFFFABRRRQAUUUUAFFFFABRRRQAUUUUAFFFFABRRRQAUUUUAFFFFABRRRQAUUUUAFFFFABRRRQAUUUUAFFFFABRRRQAUUUUAFFFFABRRRQAUUUUAFFFFABXzp+2Z4P/4SD4T/ANsRx/6V4fu1ud//AExf5HH0+6f+A19F1zvxA0OPxR4H8SaPJ88V9p88P/jny/rTTs7gfkLRR88f+s/1v8f+9RXYSFFFFABRRRQAUUUUAFFFFABRRRQAUUUUAFFFFABRRRQAUUUUAe2fsn+E/wDhKPjXofmR+Za6Skmov/2zHyf+RGjr9MK+M/2D/D//ACOHiCSP/nhYo/5yNj/vpc19mVzVXeRQUUUVmAUUUUAFFFFABRRRQAUUUUAFFFFABRRRQAUUUUAFFFFABRRRQAUUUUAFFFFABRRRQAUUUUAFFFFABRRRQAUUUUAFFFFABRRRQAUUUUAFFFFABRRRQAUUUUAFFFFABRRRQAUUUUAFFFFABRRSp99P95aAPx88YWf9n+Ktcs/+eF9On/kU1i1veNLz+0PGfiS8j/5b6hO//kU1g12IkKKKKYBRRRQAUUUUAFFFFABRRRQAUUUUAFFFFABRRRQAUUUUAfol+xXpf2P4O/aP+Wt9qc7/APAUwi19FV4j+yX/AMkK8N/78/8A6Nr26uSW7KCiiipAKKKKACiiigAooooAKKKKACiiigAooooAKKKKACiiigAooooAKKKKACiiigAooooAKKKKACiiigAooooAKKKKACiiigAooooAKKKKACiiigAooooAKKKKACiiigAooooAKKKKACiiigArn/HHiBPCfhDxBrlxJsisbKWb8kO39a6CvlX9tj4kR6P4Qs/BdnJ/p2sutxcf7FrG3/sz/orVUVd2A+D5JJJJZJJP9bJ87/7x+9TaKK6yQooooAKKKKACiiigAooooAKKKKACiiigAooooAKKKKACiiigD9HP2N9Q/tD4KWdv/wA+N9cw/wC782V/Rq+gK+L/ANhPxZH5vizwnJJ+9fy9Rtk+nyPj6fuz/wACr7QrkmrSZQUUUVIBRRRQAUUUUAFFFFABRRRQAUUUUAFFFFABRRRQAUUUUAFFFFABRRRQAUUUUAFFFFABRRRQAUUUUAFFFFABRRRQAUUUUAFFFFABRRRQAUUUUAFFFFABRRRQAUUUUAFFFFABRRRQAUUVwXxM+Lvhb4T6Z9s1y8/0mRP9H0+H5ridvYdh/tHAoSvogNb4gePNG+G/hW88Qa5cbLaD7ifxTyH7sae5/wDr1+WHxA8caj8SPF2qeJNU/wCPm7f5E/hijH3Ix7KOK6D4wfGTxB8YNc+2ap+5sYN32TT4X/dwKf5ue7H6dK85rphC24gooorQQUUUUAFFFFABRRRQAUUUUAFFFFABRRRQAUUUUAFFFFABRRRQB2Hwv8eXXwz8e6P4kt/n+yS/vof+esJ4dPxHT321+rmh6xY+JNIs9Y0u4SaxvolmhmT+NTX4519Ffs2ftFv8L5f+Ef8AEG+bwrO+9Hj+ZrCQ9WA7xn+IDkdRWVSF9UM/RKiqel6xY65plvqGl3kN7Yzpvhmhfcrr9RVyucYUUUUAFFFFABRRRQAUUUUAFFFFABRRRQAUUUUAFFFFABRRRQAUUUUAFFFFABRRRQAUUUUAFFFFABRRRQAUUUUAFFFFABRRRQAUUUUAFFFFABRRRQAUUUUAFFFFABRXN+MPiB4Y+H9j9s8Sa5ZaZF/B5z/vH/3EHzH8BXzD8QP25LG38y38D6G9zL/0ENT/AHcf4Qg5P4kVUYuWwH2BJJHHH5knyRp993+6teM+PP2pPhz4H8y3/tj+1r6P/l20n99+cn3B+dfAvjj4weOPiRL/AMVB4gurq1/58k/c26/9s1wPzyfeuFrVUu4rn0544/bY8Y655lv4bs7Xw/a/89v+Pi4/M/KPwB+tfOOqaxfa5fXGoapeXV7fT/furpzJI34mqNFaqKWwBRRRTEFFFFABRRRQAUUUUAFFFFABRRRQAUUUUAFFFFABRRRQAUUUUAFFFFABRRRQB2XgP4seLfhnc+Z4b1ya1ik+/bf6y3l+sZyPx619NeC/26JP3dv4w8No/wD0+6S/843/AKMa+M6KlwT3Gfq14I+OHgD4geXHo/iSy+1Sf8uVy32eb6bGxk/TNehV+MdepeB/2iPiF8P/AC49P8QTXVjH/wAuWof6RD+GfmH4EVk6XZhc/Uqivk3wH+3BoeoeXb+MNHm0yX/n5sv9Ih/EcMP1r6T8L+NfDnjiy+1+H9YstTi/6dpQzL9U+8PxArNxa3Gb9FFFSAUUUUAFFFFABRRRQAUUUUAFFFFABRRRQAUUUUAFFFFABRRRQAUUUUAFFFFABRRRQAUUUUAFFFFABRRRQAUUUUAFFFFABRRRQAUV4f8AEz9qjwH8P/Ms7e8/t3WI/wDly09xtVv9ub7o/Dcfavj34kftP+P/AIgeZb/2h/Y2jyf8uemZj3L/ALcn3z+lXGnKQH3F8RP2hPAnwz8yPVNYS51OP/lw0/8AfTfjj5U/4ER9K+SfiJ+2h4x8SeZb+F7dPDlj/f4mun/4GRtT8BXzTRW0aaWrEWtU1S+1i+kvNQvJr2+k+/NdSmSRvxJJqrRRWggooooAKKKKACiiigAooooAKKKKACiiigAooooAKKKKACiiigAooooAKKKKACiiigAooooAKKKKACiiigAooooAKuaXql9od9HeaXeXNlfR/cmtZTHIn4jBqnRQB9JfD/8AbM8ceG/Lt/EkcHiOxT+N/wBzdKv++vB/EV9VfDr9pj4e/ETy7e31T+zNTk/5ctTxC270R/uv+Bz7V+YdFZumnsM/Zyivy1+Hf7Qnj/4b+XHp+sPdaZH/AMw/UP30O3+6M/Mn4Gvrj4b/ALZHg/xR5Vn4kjfw5qcnyeZN+8tWb/rp1T/gQ/GsXTaGfSVFQ2d5aahax3lncQ3VtJ86TQuGV/oRxU1QAUUUUAFFFFABRRRQAUUUUAFFFFABRRRQAUUUUAFFFFABRRRQAUUUUAFFFFABRRRQAUUUUAFFFFABRXkPxU/aQ8F/C8SW9xef2nrv/QMsnDMjf9NH+6n48+1fEPxQ/aU8cfFDzLeS8/snQ5P+Yfp7lVdf+mj/AHn/AB49quMHID7G+KH7Vngf4f8AmWdncf8ACQa5H/y7ae48tG/25uVH0GTXxj8TP2iPHHxM8y3vNQ/s/R3/AOYZp+Y49v8Atn7z/ia8noreNNREFFFFWIKKKKACiiigAooooAKKKKACiiigAooooAKKKKACiiigAooooAKKKKACiiigAooooAKKKKACiiigAooooAKKKKACiiigAooooAKKKKACiiigAooooA7TwH8WPF3wzufM8N6xNaxfx2r/ALy3l+sZ4/LFfXnwz/bY0DWPs9n44s30W++59ttcyWrf7RH30/8AHhXwfRUSgpDP2Q0vWLHXLGPUNLvLW9sZ/uTWziSN/wARVyvyR8B/EzxV8M777Z4b1iay/wCe0P3oZf8AfjPyn+dfZXwr/bQ0DxB9n0/xpb/2Fqf/AD+JlrN/r/FH+OR71jKm1qhn1JRUNneQahax3lncJPazpvSaF9yuvqCKmrMAooooAKKKKACiiigAooooAKKKKACiiigAooooAKKKKACiiigAooooAKKr3l5aaXbXF5eXENrawJvmmmcKqL6kngV8h/GD9tCC3+0aX8O40ml+4+szJ+7X/rlGfv8A+83HtVRi5bAfSXxE+KnhX4X6Z9s8R6pHD5n+ptk+a4n/ANxOv49K+H/ix+1x4q8efaNP8P7/AA5ob/J+5f8A0qdf9uQfc/3V/EmvBdY1zUfEmp3GqaxqF1e30/35pnLM34ms+t400tWIdTaKK0EFFFFABRRRQAUUUUAFFFFABRRRQAUUUUAFFFFABRRRQAUUUUAFFFFABRRRQAUUUUAFFFFABRRRQAUUUUAFFFFABRRRQAUUUUAFFFFABRRRQAUUUUAFFFFABRRRQAUUUUAFFFFAHoHwz+NHjH4V3PmeH9Uf7D/y20+5/eW8v/AOx91wa+4vhP8AtWeEviJ5en6pInh/xDJ8nk3L/uZ2/wCmcnA/A4Nfm7RUSgpDP2cor82/hH+1R4t+G/2fT9QkfXfDyfJ9muX/AH0C/wDTKQ9v9luP92vu34b/ABZ8K/FPTftnhzUEmlj/ANdZv8txB/vp/UZFc8oOIzt6KKKkAooooAKKKKACiiigAooooAKKKKACiiigAoopskkccXmSfJF9/fQA6vM/ix8dPCvwfsf+JpcfatYkT/R9Mtsec/uf7i+5/CvEfjh+2BBo/wBo0P4dyJdX33JtZ+9DF/1yB4c/7X3f96vifUNQutYvrjUNQuJrq+nffNNM+6SVvcmtYU76sD0L4r/HTxV8W73/AImlz9m0eNt8OmWznyV+veQ+7V5nRRW6VtESFFFFMAooooAKKKKACiiigAooooAKKKKACiiigAooooAKKKKACiiigAooooAKKKKACiiigAooooAKKKKACiiigAooooAKKKKACiiigAooooAKKKKACiiigAooooAKKKKACiiigAooooAKKKKACiiigArQ0PXNS8N6nb6po+oXWn30H3JoX2sn+fSs+igD7o+C/wC2RY6x9n0f4geTp999xNWRNtvL/wBdR/yzPuPl/wB2vrGKWO5ijkjkR43Tejo+5WX1Br8Zq9q+C/7SHiP4Tyx6fcb9W8M7/n0+Z/mg94D/AAfT7prGVLqh3P0yorlPAXxE8O/EzQo9Y8Oagl1bfxp92aBv7kidj+h7V1dYDCiiigAooooAKKKKACiiigAoorkPiR8SPD/wv8NS63rlzsj+5DAn+uupP7ka9z69h1NCV9EBs+JPEmleD9DvNY1y8gstMtE3vM/8h6k9gOTX58/Hj9pzWPihLcaPofnaZ4U+5s+7Ne/7UhHQf7A/GuH+MHxo1/4wa59o1STyNMgdvsmmI/7uBf73u57k/hXm9dEKdtWIKKKK1EFFFFABRRRQAUUUUAFFFFABRRRQAUUUUAFFFFABRRRQAUUUUAFFFFABRRRQAUUUUAFFFFABRRRQAUUUUAFFFFABRRRQAUUUUAFFFFABRRRQAUUUUAFFFFABRRRQAUUUUAFFFFABRRRQAUUUUAFFFFABRRRQAUUUUAFFFFAHSeB/Hmv/AA31yPWPD+oPa3Uf3/8AnnKv9yROjj/Ir9E/gf8AtCaH8X7GOzk8vTvFUafvtPd/vY/jiJ++nt1FfmRVjT9Qu9Lvre80+4mtb6B98M0L7WVh/ECKiUFIZ+ylFfM37O/7UFp4/wDs/hvxZJDa+KvuQ3P3Y7/H6CX26HtX0zXM1YYUUUUgCiiigAoorlviJ8QNG+Gfha88Qa5cbLa3+4n/AC0nk/hjT3P/ANegDO+KnxU0P4R+GZNY1iTfL9y0s0/1l1J6D29T0Ar8zfiR8TNf+KniGTWNcuN/8FtbJ/qbWP8AuIP5nqe9SfFD4oa58WPFVxrmsSf7Ftap/q7WHd8qJ/U9Sea4uumEOXV7iCiiitBBRRRQAUUUUAFFFFABRRRQAUUUUAFFFFABRRRQAUUUUAFFFFABRRRQAUUUUAFFFFABRRRQAUUUUAFFFFABRRRQAUUUUAFFFFABRRRQAUUUUAFFFFABRRRQAUUUUAFFFFABRRRQAUUUUAFFFFABRRRQAUUUUAFFFFABRRRQAUUUUAFFFFADo5Hjl8yP/Wx194fsz/tMR+LPsfg/xhcbNd+5Y6g/yre/7Dn/AJ6/+hfWvg2nRyPHL5kfyf7dTKPMM/Zqivmn9l/9oj/hYFlH4T8SXH/FV2ifuZn/AOX+Ef8AtRe/qOa+lq5WraMYUUUUgKuoahaaPY3GoahcJa2NpE000z/dVR94mvzF+PHxovvjB4q+0fPD4esdyadbf7P8Ur/7bd/QcV7Z+2Z8ZPtFz/wrvR7j91Btm1d0f77dUh/Dq3/Aa+O63pw6sQUUUVsIKKKKACiiigAooooAKKKKACiiigAooooAKKKKACiiigAooooAKKKKACiiigAooooAKKKKACiiigAooooAKKKKACiiigAooooAKKKKACiiigAooooAKKKKACiiigAooooAKKKKACiiigAooooAKKKKACiiigAooooAKKKKACiiigAooooAKKKKACiiigC5peqXWj6nb6hp9w9rfWjrNDMn3kYfdNfpz8A/jHafGDwZHeyeXDrthth1G2T+CTtIB/cbqPT5hX5dV6B8G/ihffCfxxZ65b73sf8AU31sn/Lxbn7y/UdV91qJw5kM/VyisvT/ABFpGq2Frf2up2z2t1Es0Tb/ALyMAQfyIorlGfmv+0J8I9c+GfjO8uNQuJtQ0zVpZLm21N/vSsWywkP/AD0Hf16ivH6/Xrxx4H0f4ieGrzw/rlv51jdp/wACib+F0PZl7V+Yvxb+FGsfCTxLJpeqfvrV9z2moIn7u6j/AKMP4l7V0U530e4jz+iiitRBRRRQAUUUUAFFFFABRRRQAUUUUAFFFFABRRRQAUUUUAFFFFABRRRQAUUUUAFFFFABRRRQAUUUUAFFFFABRRRQAUUUUAFFFFABRRRQAUUUUAFFFFABRRRQAUUUUAFFFFABRRRQAUUUUAFFFFABRRRQAUUUUAFFFFABRRRQAUUUUAFFFFABRRRQAUUUUAFbHhfwvqvjDXLPQ9Hs3utTvn2Qw/8AsxPYDue1VdH0e+8QanZ6XpdnNdX126wwww/edjX6S/s//Aex+D+ifaLzZdeKr5P9LufvLEv/ADxj/wBgdz/Eaic+UZ5tY/sQ24srYT+OtbWcRr5ggU+WGxzt5+7np7UV9ZUVz88hhXJfET4daN8UPDV5oGuW++OT/UzJ/rLWT+GRPcfqODXW0VK01A/Jv4ofCvXPhP4lk0fWI/8AbtL1P9XdR/30/qOoNcPX62/Ej4b6B8UPDMuh6/b+ZH9+GZP9dBJ/fjbsfboehr80Pix8I9f+EniGTS9Uj32r7ntNQRP3d1H7ehH8S9q6YT5tHuI4GiiitBBRRRQAUUUUAFFFFABRRRQAUUUUAFFFFABRRRQAUUUUAFFFFABRRRQAUUUUAFFFFABRRRQAUUUUAFFFFABRRRQAUUUUAFFFFABRRRQAUUUUAFFFFABRRRQAUUUUAFFFFABRRRQAUUUUAFFFFABRRRQAUUUUAFFFFABRRRQAUUUUAFFFFABVzS9Lvtc1Oz0/T7ea6vrt1hhhhTczsewFO0fR77xJqdnpel2c11fXb7IYYfmZm/z19K/Rj9nv9nex+Edj/amqeTe+L7tP30yfMtqp/wCWUf8A7M3f6VEpcoxv7O/7O9j8J9M/tTVPJuvF92n76b7y2Sn/AJZR/wDszd/pXvFFFczd9WMKKKKQBRRRQAVzfjjwHofxE8PXGh+ILP7TYyfc/haKTs6HsRXSUUAflr8aPgfrnwb1fy7jfe6HO/8Aomponyy/7D/3JB3HfqK8tr9iPEHhrSvFmkXmkaxZwXum3SbJYZvut/gR2I5Ffnh8fP2bNV+Fl1JrGj+fqfhCRv8AXfeks/8AYlx29H6HvXRCpfRiPBqKKK1EFFFFABRRRQAUUUUAFFFFABRRRQAUUUUAFFFFABRRRQAUUUUAFFFFABRRRQAUUUUAFFFFABRRRQAUUUUAFFFFABRRRQAUUUUAFFFFABRRRQAUUUUAFFFFABRRRQAUUUUAFFFFABRRRQAUUUUAFFFFABRRRQAUUUUAFFFFABW14X8J6x401yz0PQ7N73U7t9iIn/oRPQAdyeK2Phn8L/EfxU8Qx6P4ft9/8dzdP/qbVf7zn+Q6mv0k+Efwb0D4P6H9j0uPztTnT/S9TdP31w39EHZRx+NZzmo+ozA+A/7P+kfB/TftMhj1DxVdJ/pF/s/1X/TOLPRfU9Wr2Wiiudu+rGFFFFIAooooAKKKKACiiigAqO4t47iKS3uI0mikTY6Om5XX0INSUUAfEPx8/ZHk0/7R4k+H9u81t8z3GjJ80kXqYPUf7HUdq+Q/9XX7NV89fHT9l/R/iZ9o1zQ/J0nxV99327Ybxv8ApoB0b/aH41tCpbRgfnRRW14s8J6x4H1y40fxBp81lqcH8D/x/wC0h6FD2I4rFrYkKKKKYBRRRQAUUUUAFFFFABRRRQAUUUUAFFFFABRRRQAUUUUAFFFFABRRRQAUUUUAFFFFABRRRQAUUUUAFFFFABRRRQAUUUUAFFFFABRRRQAUUUUAFFFFABRRRQAUUUUAFFFFABRRRQAUUUUAFFFFABRRTo43kljjjjd5ZPkRE/i+lADa9m+B/wCzv4g+MFzHeSb9M8Mo/wC+1B0/1v8AsRD+M+/QV6x8C/2P59Q+z+IPiJbvDa/K8Wjf8tJf+u39wf7PX1r7Ys7ODTra3s7O3SC1gTZDDCm1VUdgBwKxnU6IZh+CvA+gfDvQ7fQ/D+npa2Kf8CaVu7ue5PrXRUUVgMKKKKACiiigAooooAKKKKACiiigAooooAKKKKAOM+JHwv8ADnxU0P8AsvX7Pztn/Hvcp8s1q395H/oeD3r8/PjR+zn4n+Ecsl55f9p+Gd/yanCn3P8AZlT+A+/3TX6bVHLFHcRyRyRo8TpsdH+ZWX0IPFXGfKB+M9FfdXxo/Y307XPtGsfD/wAnT77776S/y28v/XM/8sz7fd+lfFPiDw/qvhPU7jS9c0+bT76D78MybW/+uPccVvGalsIy6KKKsQUUUUAFFFFABRRRQAUUUUAFFFFABRRRQAUUUUAFFFFABRRRQAUUUUAFFFFABRRRQAUUUUAFFFFABRRRQAUUUUAFFFFABRRRQAUUUUAFFFFABRRRQAUUUUAFFFFABRRRQAUUUUAFFH+sr6a+Df7IeueMPs+seMPO0LQvvpa/8vlwv0P+rHuefak5JbgeH/D/AOG/iP4ma5/ZfhvT3upf+W033Ybdf70j9AP1PYV+gHwT/Zn8OfCfy9UvNmreJv8An9dP3cHtEh6f7x5r1bwn4O0PwPpEej+H9Lh0+xj/AIIU+83q56ufc1uVzynzFBRRRWYBRRRQAUUUUAFFFFABRRRQAUUUUAFFFFABRRRQAUUUUAFFFFABXHfED4X+GPifpn9n+JNLS6/54zJ8s1v/ALUbjkfTpXY0UXtsB+dfxc/ZL8VeA/tGoeH9/iDQ0+f9yn+lQL/txjqB6r+VfO9fs5XjPxT/AGZ/BXxP8y7+z/2Lrj/8xDT0C7/+ukfCv+h962jV6MVj8yaK9a+KH7O/jj4XyyXF5p/9oaPH/wAxPT8yR/8AAx95PxGPevJa2TvqhBRRRTAKKKKACiiigAooooAKKKKACiiigAooooAKKKKACiiigAooooAKKKKACiiigAooooAKKKKACiiigAooooAKKKKACiiigAooooAKKKKACiiigAooooAKKK6bwX8O/E/xE1P+z/DejzahL/G6Jtji93c/Kn4mle24HM16N8L/AIH+Mfixc/8AEj0/Zpm/99qdzlbdfx/jPsua+rvhV+xhoegeXqHji4TWb77/APZ8OVs4vr3k/RfavqKzs4NPto7ezt0htoE2JDCm1VX0AHSspVeiHY8d+Ef7M/hH4V+XeeX/AG14h/6CF0n+q/65JyE+vLe9e0UUVi3fVjCiiikAUUUUAFFFFABRRRQAUUUUAFFFFABRRRQAUUUUAFFFFABRRRQAUUUUAFFFFABRRRQA3/WV4H8UP2S/A/jz7ReaXH/wjmsSfP51kn7mVv8Abh6fiuPxr36imnbVAfl38SP2d/Hnwz8y41DS/wC0NM/6CGn5kj/4GMbk/EV5PX7OV4z8SP2Y/AHxE8y4/s/+xdXk/wCXzTMR72/24/uv+h961jV7isfmTRX0F8QP2P8Ax34P8y40eNPEemJ/HZfLcKvvCf8A2UmvA7yzn0+5kt7y3eG5j+R4ZkKsn+yQcEVsmnsIhooopgFFFFABRRRQAUUUUAFFFFABRRRQAUUUUAFFFFABRRRQAUUUUAFFFFABRRRQAUUUUAFFFFABRRRQAUUUUAFFFFABRRRQAUUV6h8P/wBnvx/8SPLk0vQ3tdMk/wCYhqH7mH/eGfmf8BSbtuB5fXUeC/h34n+Il99j8N6Pdah/A7on7mL/AH5D8o/PNfbHw7/Yv8JeG/LvPFlw/iC+j+fyeY7NPw+8/wCJA9q+kNP0ux0exjs9Ps4bKxg+5DbRCONfoBxWUqvYdj5Q+Gf7Eenaf5GoePNQ+3y/9AyzzHCvs8n3n/DA9zX1Xo+h6b4fsY9P0fT7XT7GD7kNtEI41/AVoUVk5N7jCiiipAKKKKACiiigAooooAKKKKACiiigAooooAKKKKACiiigAooooAKKKKACiiigAooooAKKKKACiiigAooooAKKKKACuV8afDPwl8QLby/Enh+y1D+5M6bZl+ki4YfnXVUUXA+O/G/7C9rJvuPBniB7Y/8APnqf7xfwkUA/mK+a/HHwL8f/AA/8yTWPDd19lj/5fbb/AEi3/wB7evT/AIEBX6sUVpGo0B+MdFfqt40+A/w88d+ZJrHhey+0yf8AL1bJ9nm/3spjJ+oNfP8A4t/YUgcSS+E/FEkP9y21OHcv/fxcH8SK0VVPcVj4por17xZ+zH8UPCfmSSeG5tQto/8Altpj/aF/IfP/AOO15PeWc+ny/Z7y3e1lj++kyFW/I1oncRDRRRTAKKKKACiiigAooooAKKKKACiiigAooooAKKKKACiiigAooooAKKKKACiiigAoorvPCfwX8f8AjTy/7H8J6nNFJ/y2eLyYf++32ilcDg6K+svCf7C/iO88uTxR4gstMi/542SfaJPzOF/nXvngv9lP4a+D/Lkk0d9auY/+W2rP5y/9++E/MGodRDsfnj4X8D+I/HFz9n8N6He6nL/06xblX6vwo/EivozwP+w/4j1Ty7jxZrFtpMX/AD7Wv+kXH58IP1r7qs7ODT7aO3s7eG1to/uQwoI1T8BxU1ZuqxnlPgP9nP4e/D/y5NP0OG91OP8A5fdQ/wBIk+oz8qf8BANerUUVm3fcAooopAFFFFABRRRQAUUUUAFFFFABRRRQAUUUUAFFFFABRRRQAUUUUAFFFFABRRRQAUUUUAFFFFABRRRQAUUUUAFFFFABRRRQAUUUUAFFFFABRRRQAUUUUAFY/iDwtofiiP7Prmj6fqcX/T1bpJ+RIyPwrYooA8J8Sfsh/C/xB5n2fS7nSZf7+n3BVf8AvhsivI/EH7B8/wDrPD/jBH/6Y6nafN/32hx/47X2lRVKcl1A/NnXP2Q/ipo/mfZ9HstTi/v6fdo36Ptb8hXmeufDTxp4Y/5DHhPWbMf89JrSTb+eMV+uVFX7ZisfjHJ+7/1nyf7/AMv86K/YTVPCGgavF5mo6Hpl4PSe0jY/mRmuB1T9nX4Wam2648Faakv/AD0tt0J/Q0/bLqgsflzRX6O3n7Ffwx1AZt4tWsj6Q3rMv5NmuT1D9hHwrI26y8Va3bt6SJFIv/oIP61aqJhY+DqK+vtV/Yjhskd7fxvJlc48zTAen0lFeT6z8Af7Gm8oeIRIuztZbf8A2oarmQjxmiug17wz/YlvvN2Zju2/c2/1Nc/VAFFFamjaT/bM3leaI127uU3f1FAGXRXqGk/CA6siv/bIjLNtObXd/wCzivWPD37Gw1i28+TxoY4t23y00zn8/O/pU8yA+V6K+39L/YU0G4/4/PGGqP8A9cbaKP8AnursLX9iD4c2A/0m7129/wB+7Ef/AKCoqXUSHY/PKm1+mul/swfCfT/+ZSiuv+v24km/ma77SPhl4O0Nd2n+F9Fth/0zsY93/fRBNT7VBY/KTS/Cev8AiCXy9L0PU72X+5bWjyfyFejaH+y/8VNc/wBX4Tmsov7+oSx2/wCjHd+lfp2qiJfLQBEH8KfKv5U+p9q+gWPhPw/+wn4juPLk1zxRpllF/GllE9w35naP0r1jw3+xP4A0fy5NUuNW1mX/AG5RDH+SD+tfSlFTzy7jOP8AC/wr8F+D/L/sPwvpNlLH/GluGk/77bLfrXYUUVFwCiiigAooooAKKKKACiiigAooooAKKKKACiiigAooooAKKKKACiiigAooooAKKKKACiiigD//2Q==', '0', 'asdf', '0', 'PUBLISH', 'asdf', '5', null), ('98', '2019-05-16 10:20:54', '24', '2019-06-18 18:49:59', '2', '1', 'asdf', 'http://static.jbone.cn/8afa6501e5fa4e1080db130ccfc0ea7e.jpg', '0', 'asdf', '0', 'PUBLISH', 'aasdf', '5', null), ('99', '2019-05-24 13:45:08', '24', '2019-05-24 13:45:08', '1', '1', 'asdf', '', '0', 'asdf', '0', 'PUBLISH', 'asdf', '36', null), ('100', '2019-05-24 13:45:50', '24', '2019-05-30 19:44:31', '5', '1', 'asdf', '', '4', 'asdf', '0', 'PUBLISH', 'asdf', '5', null);
COMMIT;

-- ----------------------------
--  Table structure for `article_data`
-- ----------------------------
DROP TABLE IF EXISTS `article_data`;
CREATE TABLE `article_data` (
  `id` bigint(20) NOT NULL AUTO_INCREMENT,
  `add_time` datetime DEFAULT NULL,
  `creator` int(11) DEFAULT NULL,
  `update_time` datetime DEFAULT NULL,
  `version` int(11) DEFAULT NULL,
  `content` longtext,
  `table_of_contents` text,
  `article_id` bigint(20) DEFAULT NULL,
  PRIMARY KEY (`id`),
  KEY `FKcg6yewcu9rjoh6ngmeujikdy4` (`article_id`)
) ENGINE=MyISAM AUTO_INCREMENT=22 DEFAULT CHARSET=utf8;

-- ----------------------------
--  Records of `article_data`
-- ----------------------------
BEGIN;
INSERT INTO `article_data` VALUES ('1', '2019-03-22 16:10:49', null, '2019-05-14 18:06:35', '1', '<p>asdfasdfasdfasdf微服务架构中最核心的部分是服务治理，服务治理最基础的组件是注册中心。随着微服务架构的发展，出现了很多微服务架构的解决方案，其中包括我们熟知的Dubbo和Spring Cloud。</p>\n<p>关于注册中心的解决方案，dubbo支持了Zookeeper、Redis、Multicast和Simple，官方推荐Zookeeper。Spring Cloud支持了Zookeeper、Consul和Eureka，官方推荐Eureka。</p>\n<p>两者之所以推荐不同的实现方式，原因在于组件的特点以及适用场景不同。简单来说：</p>\n<p>ZK的设计原则是CP，即强一致性和分区容错性。他保证数据的强一致性，但舍弃了可用性，<strong>如果出现网络问题可能会影响ZK的选举，导致ZK注册中心的不可用</strong>。</p>\n<p>Eureka的设计原则是AP，即可用性和分区容错性。他保证了注册中心的可用性，但舍弃了数据一致性，<strong>各节点上的数据有可能是不一致的（会最终一致）</strong>。</p>\n<p>&nbsp;</p>\n<p>Eureka采用纯Java实现，除实现了注册中心基本的服务注册和发现之外，极大的满足注册中心的可用性，即使只有一台服务可用，也可以保证注册中心的可用性。</p>\n<p>本文将聚焦到Eureka的内部实现原理，先从微服务架构的部署图介绍Eureka的总体架构，然后剖析服务信息的存储结构，最后探究跟服务生命周期相关的服务注册机制、服务续约机制、服务注销机制、服务剔除机制、服务获取机制、和服务同步机制。</p>\n<p>微服务架构中最核心的部分是服务治理，服务治理最基础的组件是注册中心。随着微服务架构的发展，出现了很多微服务架构的解决方案，其中包括我们熟知的Dubbo和Spring Cloud。</p>\n<p>关于注册中心的解决方案，dubbo支持了Zookeeper、Redis、Multicast和Simple，官方推荐Zookeeper。Spring Cloud支持了Zookeeper、Consul和Eureka，官方推荐Eureka。</p>\n<p>两者之所以推荐不同的实现方式，原因在于组件的特点以及适用场景不同。简单来说：</p>\n<p>ZK的设计原则是CP，即强一致性和分区容错性。他保证数据的强一致性，但舍弃了可用性，<strong>如果出现网络问题可能会影响ZK的选举，导致ZK注册中心的不可用</strong>。</p>\n<p>Eureka的设计原则是AP，即可用性和分区容错性。他保证了注册中心的可用性，但舍弃了数据一致性，<strong>各节点上的数据有可能是不一致的（会最终一致）</strong>。</p>\n<p>&nbsp;</p>\n<p>Eureka采用纯Java实现，除实现了注册中心基本的服务注册和发现之外，极大的满足注册中心的可用性，即使只有一台服务可用，也可以保证注册中心的可用性。</p>\n<p>本文将聚焦到Eureka的内部实现原理，先从微服务架构的部署图介绍Eureka的总体架构，然后剖析服务信息的存储结构，最后探究跟服务生命周期相关的服务注册机制、服务续约机制、服务注销机制、服务剔除机制、服务获取机制、和服务同步机制。</p>\n<p>微服务架构中最核心的部分是服务治理，服务治理最基础的组件是注册中心。随着微服务架构的发展，出现了很多微服务架构的解决方案，其中包括我们熟知的Dubbo和Spring Cloud。</p>\n<p>关于注册中心的解决方案，dubbo支持了Zookeeper、Redis、Multicast和Simple，官方推荐Zookeeper。Spring Cloud支持了Zookeeper、Consul和Eureka，官方推荐Eureka。</p>\n<p>两者之所以推荐不同的实现方式，原因在于组件的特点以及适用场景不同。简单来说：</p>\n<p>ZK的设计原则是CP，即强一致性和分区容错性。他保证数据的强一致性，但舍弃了可用性，<strong>如果出现网络问题可能会影响ZK的选举，导致ZK注册中心的不可用</strong>。</p>\n<p>Eureka的设计原则是AP，即可用性和分区容错性。他保证了注册中心的可用性，但舍弃了数据一致性，<strong>各节点上的数据有可能是不一致的（会最终一致）</strong>。</p>\n<p>&nbsp;</p>\n<p>Eureka采用纯Java实现，除实现了注册中心基本的服务注册和发现之外，极大的满足注册中心的可用性，即使只有一台服务可用，也可以保证注册中心的可用性。</p>\n<p>本文将聚焦到Eureka的内部实现原理，先从微服务架构的部署图介绍Eureka的总体架构，然后剖析服务信息的存储结构，最后探究跟服务生命周期相关的服务注册机制、服务续约机制、服务注销机制、服务剔除机制、服务获取机制、和服务同步机制。</p>\n<p>微服务架构中最核心的部分是服务治理，服务治理最基础的组件是注册中心。随着微服务架构的发展，出现了很多微服务架构的解决方案，其中包括我们熟知的Dubbo和Spring Cloud。</p>\n<p>关于注册中心的解决方案，dubbo支持了Zookeeper、Redis、Multicast和Simple，官方推荐Zookeeper。Spring Cloud支持了Zookeeper、Consul和Eureka，官方推荐Eureka。</p>\n<p>两者之所以推荐不同的实现方式，原因在于组件的特点以及适用场景不同。简单来说：</p>\n<p>ZK的设计原则是CP，即强一致性和分区容错性。他保证数据的强一致性，但舍弃了可用性，<strong>如果出现网络问题可能会影响ZK的选举，导致ZK注册中心的不可用</strong>。</p>\n<p>Eureka的设计原则是AP，即可用性和分区容错性。他保证了注册中心的可用性，但舍弃了数据一致性，<strong>各节点上的数据有可能是不一致的（会最终一致）</strong>。</p>\n<p>&nbsp;</p>\n<p>Eureka采用纯Java实现，除实现了注册中心基本的服务注册和发现之外，极大的满足注册中心的可用性，即使只有一台服务可用，也可以保证注册中心的可用性。</p>\n<p>本文将聚焦到Eureka的内部实现原理，先从微服务架构的部署图介绍Eureka的总体架构，然后剖析服务信息的存储结构，最后探究跟服务生命周期相关的服务注册机制、服务续约机制、服务注销机制、服务剔除机制、服务获取机制、和服务同步机制。</p>\n<p>微服务架构中最核心的部分是服务治理，服务治理最基础的组件是注册中心。随着微服务架构的发展，出现了很多微服务架构的解决方案，其中包括我们熟知的Dubbo和Spring Cloud。</p>\n<p>关于注册中心的解决方案，dubbo支持了Zookeeper、Redis、Multicast和Simple，官方推荐Zookeeper。Spring Cloud支持了Zookeeper、Consul和Eureka，官方推荐Eureka。</p>\n<p>两者之所以推荐不同的实现方式，原因在于组件的特点以及适用场景不同。简单来说：</p>\n<p>ZK的设计原则是CP，即强一致性和分区容错性。他保证数据的强一致性，但舍弃了可用性，<strong>如果出现网络问题可能会影响ZK的选举，导致ZK注册中心的不可用</strong>。</p>\n<p>Eureka的设计原则是AP，即可用性和分区容错性。他保证了注册中心的可用性，但舍弃了数据一致性，<strong>各节点上的数据有可能是不一致的（会最终一致）</strong>。</p>\n<p>&nbsp;</p>\n<p>Eureka采用纯Java实现，除实现了注册中心基本的服务注册和发现之外，极大的满足注册中心的可用性，即使只有一台服务可用，也可以保证注册中心的可用性。</p>\n<p>本文将聚焦到Eureka的内部实现原理，先从微服务架构的部署图介绍Eureka的总体架构，然后剖析服务信息的存储结构，最后探究跟服务生命周期相关的服务注册机制、服务续约机制、服务注销机制、服务剔除机制、服务获取机制、和服务同步机制。</p>', null, '1'), ('2', '2019-03-26 14:36:14', null, '2019-03-26 14:36:14', '0', '<h1>阿斯顿发史蒂夫</h1><div>阿斯顿发史蒂夫sdasdf</div><div><span style=\"font-style: italic;\">阿斯顿发史蒂夫</span></div><ol><li>sadfasdfasdfasdf</li><li>asdf</li><li>sdfa是否</li></ol><div><h1>asdf</h1></div><div>阿斯顿发<br></div><p><br></p><p><br></p><p><br></p><p><br></p>', null, '81'), ('3', '2019-03-26 14:55:03', null, '2019-03-26 14:55:03', '0', '<blockquote>jbone最低要求jdk11+</blockquote><h1>jdk11下载</h1><div yne-bulb-block=\"paragraph\"><a href=\"https://www.oracle.com/technetwork/java/javase/downloads/index.html\">https://www.oracle.com/technetwork/java/javase/downloads/index.html</a></div><h1>解压</h1><div yne-bulb-block=\"code\" id=\"2845-1554110224576\"><pre><code>tar xzf jdk-11.0.2_linux-x64_bin.tar.gz</code></pre><p><br></p></div><h1>配置环境变量</h1><div yne-bulb-block=\"code\" id=\"4055-1554110224576\"><pre><code>vim /etc/profile<br><br>export JAVA_HOME=/opt/soft/jdk/jdk-11.0.2<br>export PATH=$PATH:$JAVA_HOME/bin<br>export JAVA_HOME CLASSPATH PATH</code></pre><p><br></p></div><div yne-bulb-block=\"paragraph\">重新登录系统，验证JDK是否安装成功</div><pre><code>[root@iZ283gj52dgZ ~]# java -version<br>java version \"11.0.2\" 2019-01-15 LTS<br>Java(TM) SE Runtime Environment 18.9 (build 11.0.2+9-LTS)<br>Java HotSpot(TM) 64-Bit Server VM 18.9 (build 11.0.2+9-LTS, mixed mode)</code></pre><p><br></p><div yne-bulb-block=\"paragraph\"><br></div>', null, '82'), ('4', '2019-03-27 17:59:08', null, '2019-03-27 18:00:42', '1', '<p>asdfasdfasdf</p>', null, '83'), ('5', '2019-03-28 12:56:08', null, '2019-03-28 12:56:08', '0', '<p>测试文章</p><p>测试文章</p><p>测试文章</p><p>测试文章</p><p>测试文章</p><p>测试文章</p><p>测试文章</p>', null, '84'), ('6', '2019-03-29 14:54:52', null, '2019-03-29 14:54:52', '0', '<p>阿斯顿发生地方</p><p>阿斯顿发</p><p>阿斯顿发</p><p>阿斯顿发</p><p>asdf asdf asdf&nbsp;</p>', null, '85'), ('7', '2019-05-07 17:48:39', null, '2019-05-07 17:48:39', '0', '<p>sdfasdfasdf</p>', null, '86'), ('8', '2019-05-14 16:43:08', null, '2019-05-14 16:43:08', '0', '', null, '87'), ('9', '2019-05-14 16:46:48', null, '2019-05-14 16:46:48', '0', '', null, '88'), ('10', '2019-05-14 16:56:40', null, '2019-05-14 16:56:40', '0', '<p>sdfasdf</p>', null, '89'), ('11', '2019-05-15 09:56:50', null, '2019-05-15 09:56:50', '0', '<p>asdfasdfasd<img class=\"wscnph\" src=\"data:image/jpeg;base64,/9j/4AAQSkZJRgABAQAAAQABAAD//gA7Q1JFQVRPUjogZ2QtanBlZyB2MS4wICh1c2luZyBJSkcgSlBFRyB2OTApLCBxdWFsaXR5ID0gODYK/9sAQwAEAwMEAwMEBAQEBQUEBQcLBwcGBgcOCgoICxAOEREQDhAPEhQaFhITGBMPEBYfFxgbGx0dHREWICIfHCIaHB0c/9sAQwEFBQUHBgcNBwcNHBIQEhwcHBwcHBwcHBwcHBwcHBwcHBwcHBwcHBwcHBwcHBwcHBwcHBwcHBwcHBwcHBwcHBwc/8AAEQgCzQJiAwEiAAIRAQMRAf/EAB8AAAEFAQEBAQEBAAAAAAAAAAABAgMEBQYHCAkKC//EALUQAAIBAwMCBAMFBQQEAAABfQECAwAEEQUSITFBBhNRYQcicRQygZGhCCNCscEVUtHwJDNicoIJChYXGBkaJSYnKCkqNDU2Nzg5OkNERUZHSElKU1RVVldYWVpjZGVmZ2hpanN0dXZ3eHl6g4SFhoeIiYqSk5SVlpeYmZqio6Slpqeoqaqys7S1tre4ubrCw8TFxsfIycrS09TV1tfY2drh4uPk5ebn6Onq8fLz9PX29/j5+v/EAB8BAAMBAQEBAQEBAQEAAAAAAAABAgMEBQYHCAkKC//EALURAAIBAgQEAwQHBQQEAAECdwABAgMRBAUhMQYSQVEHYXETIjKBCBRCkaGxwQkjM1LwFWJy0QoWJDThJfEXGBkaJicoKSo1Njc4OTpDREVGR0hJSlNUVVZXWFlaY2RlZmdoaWpzdHV2d3h5eoKDhIWGh4iJipKTlJWWl5iZmqKjpKWmp6ipqrKztLW2t7i5usLDxMXGx8jJytLT1NXW19jZ2uLj5OXm5+jp6vLz9PX29/j5+v/aAAwDAQACEQMRAD8A+7KKKKACiiigAooooAKKKKACiiigAooooAKKKKACiiigAooooAKKKKACiiigAooooAKKKKACiiigAoqOSWO3jkkkkRIo/vu77VX6mvCfiB+1x8PfBfmW+n3D+I9TTd8mmf6vd7zH5f8AvndTSb2A96rP1jXNK8N232vWNUstPtf+e17Kka/+PGvz38cftifELxR5lvpclr4fsZP+fJN03/fxs/oBXhOqaxqWuXX2zVNQutQuv+e11KZG/Nia0VJ9RXP0a8UftcfC/wAN+ZHb6xNq0v8Ac0y3LL/3221fyzXkviD9vD/WR+H/AAf/ALj6hd/+yoP618Y0VoqUUFz6G1j9sz4m6h/x5yaTpkX/AExtNzfmxP8AKuJ1D9ov4qap/wAfHjjU/wDtj5cP/oKivL6KrlXYR1V58TPGl5/x8eMPED/7+pz7fy3YrI/4SjXP+gxqf/gXJ/jWZRTsBqf8JJrn/QY1D/wLk/xq9Z+PPF2n/wDHn4o12H/rjqEq/wAmrnaKAPQtP+OnxJ0v/j38ca7/AMDuPM/9D3V2Gl/tefFfS/8AWa5bah/1+2Mbf+g7a8Noo5V2A+ttD/bs8QW//Ic8J6fdRf37KZ4W/I5FeqeG/wBtj4e6p5cesW+raLL/AH5ovOj/ADTn/wAdr89aKj2cR3P108LfEjwl44i/4p/xJpmof9M4Zh5n/fBw35iuor8ZY5JI5Y5I/klj+46feSvVvBf7R/xJ8EeXHZ+IJr2xj/5dtT/0iP8A76b5h+dQ6XYLn6iUV8o+A/24NA1Ty7fxhpc2jXP/AD9W2bi3/EffH/j1fS/hvxTofi/TI9Q8P6pZ6nYv/wAtrWUN+fp+NZOLW4zXooopAFFFFABRRRQAUUUUAFFFFABRRRQAUUUUAFFFFABRRRQAUUUUAFFFFABRRRQAUUUUAFFFFABRRRQAUUUUAFFFFABRRRQAUUUUAFFFFABRRRQAUUUUAFFFFABRRRQAUUUUAFFFFABRRRQAUUVxPxI+LHhn4V6R/aHiC82Syf8AHvZJ81xcN6In8yePehK+iA7ST93Xzr8VP2wPCvgeW40/w/8A8VHrEfyfuX22sTe8n8f0X86+VfjB+0p4u+KktxZ+Z/ZPh7+DT7Z/9av/AE1fgv8AThfavGa3jS6sVz0D4ifGjxp8UJZP+Eg1h3sf4NPtv3dqn/AB1+rZrz+iitUraIQUUUUwCiiigAooooAKKKKACiiigAooooAKKKKACiiigArY8N+KNc8H6nHqGh6pdaZff89rVyu/69j9DmseikB9lfC/9tyT93p/xA0/f/B/a2np/wCjIf6r+VfX3h/xJo/izTLfVND1C11Cxn+5NC+5fx9D7Hmvx3rrPAfxI8TfDPV/7Q8N6o9lL/y2h+9DP7SJ0P8AOs5Ur7DufrhRXgfwX/ak8OfFD7PpeqbNF8TSfJ9md/3N03/TJz3/ANlufTNe+Vg1bRjCiiikAUUUUAFFFFABRRRQAUUUUAFFFFABRRRQAUUUUAFFFFABRRRQAUUUUAFFFFABRRRQAUUUUAFFFFABRRRQAUUUUAFFFFABRRRQAUUUUAFFFFABRRRQAUUUUAFFFFABRRXyn+0h+1InhP7Z4T8F3CPrn3LvU0wy2X95E9ZfU9F+tNRb2A6v4+/tN6X8MI7jQtDMOp+Lv7g+aKz/ANqXHVvRPzr8+vEnijWPGGr3Gsa5qE2oanP9+ab/ANBHYAdgOKzZJJLiWSSSR3lkfe7v8zO3qajrpjDlEFFFFWIKKKKACiiigAooooAKKKKACiiigAooooAKKKKACiiigAooooAKKKKACiiigB3+rr6y+Af7XF3o8tv4b+IFw91pn3LbWX+aa39pe7r/ALXUe9fJdFTKKluB+y1vcQXltHcW8qTW06K6TI+5WU/dII4INTV+b/7Pf7Rl98J7mPR9Y8698ITv86feks2/vx+3qvftX6KaXqljrmmW+oafcJdWN2izQzQvuV1P8QrmlHlKLlFFFSAUUUUAFFFFABRRRQAUUUUAFFFFABRRRQAUUUUAFFFFABRRRQAUUUUAFFFFABRRRQAUUUUAFFFFABRRRQAUUUUAFFFFABRRRQAUUUUAFFFFABRRRQAUUV4n+0Z8cIPhH4a+z6fIj+KtSRktE/54L0aZx6D+H1NNK+iA4j9p/wDaN/4QiKTwf4TuMeIZ1/0u9T/lwU9h/wBNT/47XwR/rKkvLifULm4vLiR57md2eaZ33MzH7zEnvUNdUY8ogoooqhBRRRQAUUUUAFFFFABRRRQAUUUUAFFFFABRRRQAUUUUAFFFFABRRRQAUUUUAFFFFABRRRQAV71+zn+0Jd/CvUo9H1iR5/CF3L++T7zWbH/lont/eXv1rwWik1fRgfstZ3kGoW1veWciT2s6LNDMj7lZTypB9CKmr4R/ZM+Pn/CN31v4D8SXn/Enu32adczf8usx/wCWR/2WPT0P+9X3dXLKPK7FBRRRUgFFFFABRRRQAUUUUAFFFFABRRRQAUUUUAFFFFABRRRQAUUUUAFFFFABRRRQAUUUUAFFFFABRRRQAUUUUAFFFFABRRRQAUUUUAFFFFABRRRQBzvjjxppXw/8K6h4k1iTZY2Kb/8Aalb+FE92PAr8q/iB441X4keL9Q8SaxJ/pN2/3P4Yox9yMewFe3ftefGD/hNPF3/CJ6Xcb9D8Pyt5zp92e86MfonQe+6vmuuinG3vCYUUUVqIKKKKACiiigAooooAKKKKACiiigAooooAKKKKACiiigAooooAKKKKACiiigAooooAKKKKACiiigAooooAK/Rb9lf42f8ACyPCv/CP6xcb/E2jRKju/wB66t+gl+o6N/wE1+dNdN4A8b6j8PPF2l+I9Lk/0mxl37P4ZY/40Psw4qJx5lYZ+u1FYvhPxRp3jTw1pfiDS5N9jqUSzJ/sf3gfcHg/7tbVcowooooAKKKKACiiigAooooAKKKKACiiigAooooAKKKKACiiigAooooAKKKKACiiigAooooAKKKKACiiigAooooAKKKKACiiigAooooAK8n/AGiPih/wqv4c3moW8n/E4vv9E07/AK6FeX+ijn616xX5u/tafEz/AITz4lXGn28m/R/D260h/utN/wAtX/Pgey1UI8zsB4PJJ5n7ySR3l/vv96m0UV1khRRRQAUUUUAFFFFABRRRQAUUUUAFFFFABRRRQAUUUUAFFFFABRRRQAUUUUAFFFFABRRRQAUUUUAFFFFABRRRQAUUUUAfXn7E/wAVPsep3nw/1CT/AEa+3Xenb/4Zh9+P/gQ+b6q1fcFfjnoesXXh/V9P1jT5PJvrGWO5hf8AuMhytfrV4D8YWnjzwho/iSz/ANVqVus2z+438SfgdwrmqKzuNHRUUUVmMKKKKACiiigAooooAKKKKACiiigAooooAKKKKACiiigAooooAKKKKACiiigAooooAKKKKACiiigAooooAKKKKACiiigAooooA4P4yePP+Fb/AA08QeIP+XqCLybZP79xJ8ifq2a/KGSSSSWSSSTfLJ87v/fY/eP4mvsX9ufxv5l14c8F28n3N2qXf+8fkiH5eYf+BV8cV0UlZXYgooorUQUUUUAFFFFABRRRQAUUUUAFFFFABRRRQAUUUUAFFFFABRRRQAUUUUAFFFFABRRRQAUUUUAFFFFABRRRQAUUUUAFFFFABX2t+w38QPMttc8D3kn+o/4mNj/unAlT89rf8Cavimu8+C/jR/h/8SvDeueZ/osdwsNz/twyfI/6NUzV0M/WCij/AMforkGFFFFABRRRQAUUUUAFFFFABRRRQAUUUUAFFFFABRRRQAUUUUAFFFFABRRRQAUUUUAFFFFABRRRQAUUUUAFFFFABRRRQAUUVyPxU8Uf8IX8OfFGuf8ALSw0+V0/66EYQfiWWhAfmn8cPGH/AAnHxZ8UaxHJvtftbW1t/wBcYvkX/wBBrz2j/wAforsSsSFFFFMAooooAKKKKACiiigAooooAKKKKACiiigAooooAKKKKACiiigAooooAKKKKACiiigAooooAKKKKACiiigAooooAKKKKACiiigD9UP2f/GH/CcfCLwvqkkm+5jt/slz/wBdovkb/wBBr0yvkP8AYT8UfaND8WeG5JP+PS4jvof92RdjY+hjX/vqvryuSSsygoooqQCiiigAooooAKKKKACiiigAooooAKKKKACiiigAooooAKKKKACiiigAooooAKKKKACiiigAooooAKKKKACiiigAr5y/bU8Qf2X8Io9PjP7zVdQih/7ZpmQ/qqV9G18R/t4ax5mr+C9H/wCedvPd7P8AfKp/7LVw+JAfH9FFFdRIUUUUAFFFFABRRRQAUUUUAFFFFABRRRQAUUUUAFFFFABRRRQAUUUUAFFFFABRRRQAUUUUAFFFFABRRRQAUUUUAFFFFABRRRQAUUUUAfQH7G/iD+x/jPb2fmbItZsZ7T/gQ/eL+sdfo5X5J/CfWP8AhH/iX4P1T7nkanB/3yXx/wCzV+tlc9VajQUUUVkMKKKKACiiigAooooAKKKKACiiigAooooAKKKKACiiigAooooAKKKKACiiigAooooAKKKKACiiigAooooAKKKKACvzl/bL1T7Z8a7i3/58dPtof+BEMxr9Gq/Ln9pTUP7Q+OHjST/nndrD/wB8RpWlLcTPKaKKK6RBRRRQAUUUUAFFFFABRRRQAUUUUAFFFFABRRRQAUUUUAFFFFABRRRQAUUUUAFFFFABRRRQAUUUUAFFFFABRRRQAUUUUAFFFFABRRRQA6O4ks5Y7iP/AFsH75P94c1+xmh3n9oaRp95/wA97eKb80Br8ca/WH4LagdU+EXgi8/56aVBu/3tlY1ug0d3RRRWAwooooAKKKKACiiigAooooAKKKKACiiigAooooAKKKKACiiigAooooAKKKKACiiigAooooAKKKKACiiigAooooAdX5L/ABguPtnxU8aSf9Raf9Hx/wCy1+tEf+tjr8hfiB/yPviz/sMXv/pQ9bUuomc3RRRW4gooooAKKKKACiiigAooooAKKKKACiiigAooooAKKKKACiiigAooooAKKKKACiiigAooooAKKKKACiiigAooooAKKKKACiiigAooooAK/UL9mO4+0fArwX/0zt2h/wC+JSK/L2v0w/ZLkeT4A+F/M/563af8BFzJWVXZDR7ZRRRXOMKKKKACiiigAooooAKKKKACiiigAooooAKKKKACiiigAooooAKKKKACiiigAooooAKKKKACiiigAooooAKKKKAHV+P/AI4jePxn4kjk/wBbHqd3v/3vOev2Aj/1kf8Av1+RPxIt/s/xG8YR/wDUWu/1mc1tSEzl6KKK3EFFFFABRRRQAUUUUAFFFFABRRRQAUUUUAFFFFABRRRQAUUUUAFFFFABRRRQAUUUUAFFFFABRRRQAUUUUAFFFFABRRRQAUUUUAFFFFABX6Xfsj/8kB8N/wDXxe/+lMtfmjX6bfspxpH8BvC/l/8ALT7S/wCc71lV2Gj2aiiiucYUUUUAFFFFABRRRQAUUUUAFFFFABRRRQAUUUUAFFFFABRRRQAUUUUAFFFFABRRRQAUUUUAFFFFABRRRQAUUUUAFfk/8bLP+z/i740t/wDnnq0/6tn/ANmr9YK/MH9qCz+x/HXxh/03ljm/OJP/AImtaW7EzyGiiiugQUUUUAFFFFABRRRQAUUUUAFFFFABRRRQAUUUUAFFFFABRRRQAUUUUAFFFFABRRRQAUUUUAFFFFABRRRQAUUUUAFFFFABRRRQAUUUUAFfqR+zXZ/Y/gV4Lj/56WPnf99sTX5b1+tnwn0/+y/hh4Ls/ueRpNsmz/gC1lV2Q0dhRRRXOMKKKKACiiigAooooAKKKKACiiigAooooAKKKKACiiigAooooAKKKKACiiigAooooAKKKKACiiigAooooAKKKKACvzt/bU0v+z/jFHef9BLTIH/74yjV+iVfE/7eGl+XqfgvWPL/ANZFPab/AKMH/wDZq0p/EB8d0UUV0khRRRQAUUUUAFFFFABRRRQAUUUUAFFFFABRRRQAUUUUAFFFFABRRRQAUUUUAFFFFABRRRQAUUUUAFFFFABRRRQAUUUUAFFFFABRRRQBNZ2/9oXNvZ/893WH/vs4/wDZq/YzS7P+z9Ms7P8A54RRw/kMV+Ufwf0f/hIPip4P0/7/AJ+pwb/90Hd/7LX6zVhW6DQUUUViMKKKKACiiigAooooAKKKKACiiigAooooAKKKKACiiigAooooAKKKKACiiigAooooAKKKKACiiigAooooAKKKKACvm/8AbY0P+1PhFHqHl/vNJ1CKb/cjkyjfqyV9IVwPxs8N/wDCWfCbxhpcce+WTT5HhT/ppH86fqq04uzQH5Q0UUV2EhRRRQAUUUUAFFFFABRRRQAUUUUAFFFFABRRRQAUUUUAFFFFABRRRQAUUUUAFFFFABRRRQAUUUUAFFFFABRRRQAUUUUAFFFFABRRRQB79+xxof8AbHxrs7z/AJZaTZT3b/7xHlj9ZFr9Hq+M/wBg/wAP/uvGniCT/phYw/hl3/8AZK+zK5qnxFBRRRWYBRRRQAUUUUAFFFFABRRRQAUUUUAFFFFABRRRQAUUUUAFFFFABRRRQAUUUUAFFFFABRRRQAUUUUAFFFFABRRRQAU2WNJIvLk/1b/I/wDumnUUAfkL488NyeE/HHiDQ5Pk/s2+lhT/AHQfl/8AHNtc7X0V+2Z4T/sP4s/2pHH/AKLrtpHc/wDbRPkf/wBBU/8AAq+da64u6uSFFFFUAUUUUAFFFFABRRRQAUUUUAFFFFABRRRQAUUUUAFFFFABRRRQAUUUUAFFFFABRRRQAUUUUAFFFFABRRRQAUUUUAFFFFABRRV7R9Hn8Qavp+l2/wA9zfXEdsn+8520AfpJ+yn4b/4Rv4KeH5P+WureZqL/APbQ/J+SKor2qs/Q9Lg0PSNP0u3/ANVY28dsn+6i4rQrjbuUFFFFIAooooAKKKKACiiigAooooAKKKKACiiigAooooAKKKKACiiigAooooAKKKKACiiigAooooAKKKKACiiigAooooAKKKKAPmX9tzwf/bHw00/xBHH+90K+Xf8A9cZfkb/x/wAuvz9r9fPHnheDxx4M1zw/cf6rUrSS2/3GK/KfwO2vyLvLOfT764s7iPZdQO0Myf7SHDfrXRSelhMr0UUVqIKKKKACiiigAooooAKKKKACiiigAooooAKKKKACiiigAooooAKKKKACiiigAooooAKKKKACiiigAooooAKKKKACiiigAr3j9kPwf/wlHxm0+8kj32uhRSai/wD10Hyxf+Ptn/gNeD199fsR+C/7H8B6p4okj/0nXbjZD/17xcL+bsxqKjtFjPqKiiiuUYUUUUAFFFFABRRRQAUUUUAFFFFABRRRQAUUUUAFFFFABRRRQAUUUUAFFFFABRRRQAUUUUAFFFFABRRRQAUUUUAFFFFABRRRQAV+bP7Wngf/AIQ/4u6heRx7LHXUXUYf7vmHiUf99rn/AIFX6TV86/tkeA/+Eo+GH9uW8f8Ap3huX7T/ALX2d/llH4fK3/Aaum7SA/O2iiiuokKKKKACiiigAooooAKKKKACiiigAooooAKKKKACiiigAooooAKKKKACiiigAooooAKKKKACiiigAooooAKKKKACiiigC1pen3WsanZ6fZx77q7lW2hT/po5wtfrt4L8NweD/Cuj+H7f/VabaR235L8x/E7q+DP2NPAf/CU/E/8Atu4j32PhuL7R/wBt34i/L5m/4CtfofXPVethoKKKKyGFFFFABRRRQAUUUUAFFFFABRRRQAUUUUAFFFFABRRRQAUUUUAFFFFABRRRQAUUUUAFFFFABRRRQAUUUUAFFFFABRRRQAUUUUAFVdU0+DVNMvNPvI99tdxNDMn95XGGq1RQB+RPxA8H3Xw/8Z654bvP9bptwyI/96Pqj/im01zNfan7cHw78yLR/HlnH/q/+Jdff7vWJz+O5f8AgS18V11wd0IKKKKoQUUUUAFFFFABRRRQAUUUUAFFFFABRRRQAUUUUAFFFFABRRRQAUUUUAFFFFABRRRQAUUUUAFFFFABRRRQAUUV6h+z38N/+FmfE/R9Lkj36ZaP9uvv+uMbfd/4Edq0m7agfcn7L/w7f4f/AAr0/wC2R7NT1n/iY3P+xvHyJ+Cba9ooorkbvqygooopAFFFFABRRRQAUUUUAFFFFABRRRQAUUUUAFFFFABRRRQAUUUUAFFFFABRRRQAUUUUAFFFFABRRRQAUUUUAFFFFABRRRQAUUUUAFFFFAGD408J2Pjjwrqnh/UP+PXUrdoX/wBnPRh7g81+S/ijw3feD/EOqaHqkey+024a3m/D+L6HqK/Yavi39tz4X/vdP+IGnx/3bTVNn/kKU/8AoJ/4DWlN2dgPjWiiiukkKKKKACiiigAooooAKKKKACiiigAooooAKKKKACiiigAooooAKKKKACiiigAooooAKKKKACiiigAooooAK/Rj9kP4Zf8ACEfDka5eR7NY8R7bl9/3ooP+WSfj94/71fGvwD+GcnxU+Iul6XJH/wASiD/S9Rf/AKd0b7v1Y/KP+BV+pkccccUccfyRR/In+7WFWXRDQ6iiisRhRRRQAUUUUAFFFFABRRRQAUUUUAFFFFABRRRQAUUUUAFFFFABRRRQAUUUUAFFFFABRRRQAUUUUAFFFFABRRRQAUUUUAFFFFABRRRQAUUUUAFZXiTw/Y+LND1DQ9Tj86xv4WimT/ZPp7jqPetWigD8ifiB4Lvvh34v1Tw3qH+tsZdiP/z1jPKOPZhzXM1+gX7YHwf/AOEw8K/8Jhpdvv1jQ4v9IRPvT2vVvqU6/TdX5+11QlzK4goooqxBRRRQAUUUUAFFFFABRRRQAUUUUAFFFFABRRRQAUUUUAFFFFABRRRQAUUUUAFFFFABRRRQAUUV9Cfsn/B//hYnjP8AtzULff4e0J1mff8AduLjqkX0H3m/4DSk7K4H1V+y/wDCf/hWfw+t7i8t9niHXdt3ef3ol/gi/wCAjr7s1e3UUVyN31ZQUUUUgCiiigAooooAKKKKACiiigAooooAKKKKACiiigAooooAKKKKACiiigAooooAKKKKACiiigAooooAKKKKACiiigAooooAKKKKACiiigAooooAKKKKAGyfvP3cnzxV+Z/7Snwfk+FfjiSSzt3/AOEZ1Z2msX/hib+OH/gPb/Z21+mVcX8VPhvpvxU8Gah4b1D5PM+e2uf4oJh9xx/I+o3VcJcrA/JeitbxR4b1Hwf4h1DQ9Yt/sup2MrQzJ/7MPUEcg+lZNdRIUUUUAFFFFABRRRQAUUUUAFFFFABRRRQAUUUUAFFFFABRRRQAUUUUAFFFFABRRRQAUUUUAbHhfw3qXjDxDp+h6Pb+dfX0ywwp/wCzH2A5Jr9Vvhn8P9O+GfgzS/Den/6q0T99N/FPMfvufqenttFeJ/sj/BP/AIQvw9/wmGuW+zXdZi/0ZH+9a2p5/Bn6n0G0V9NVzVJX0KCiiiswCiiigAooooAKKKKACiiigAooooAKKKKACiiigAooooAKKKKACiiigAooooAKKKKACiiigAooooAKKKKACiiigAooooAKKKKACiiigAooooAKKKKACiiigAooooA+bf2rPgV/wn+h/wDCUaHb7/E2lRfOifevbcfwe7r1X16V+etfs5Xwj+1h+z//AMI3fXHjzw3b/wDEnu336jbJ/wAush/5agf8827+h/3q2pz+ywPlGiiityQooooAKKKKACiiigAooooAKKKKACiiigAooooAKKKKACiiigAooooAKKKKACvpD9lP4F/8LA1z/hKNct/+KZ0qX5Ef7t5cD+D3Rere/Feb/Bf4R6j8YPF8el2++HTINs2o3v8Az7x+3+23RR+NfqB4b8Pab4T0TT9E0e2jtdMsYfJhhT+7/UnqT3NZVJ20QzUooornGFFFFABRRRQAUUUUAFFFFABRRRQAUUUUAFFFFABRRRQAUUUUAFFFFABRRRQAUUUUAFFFFABRRRQAUUUUAFFFFABRRRQAUUUUAFFFFABRRRQAUUUUAFFFFABRRRQAUUUUAFQ3llb6jbT2dxFHPbTo0UsL/MrKfvAj0qaigD81/wBoz4B3fwn1z+0NLjebwffP/oz/AHmtZP8Ani//ALKe4968Lr9ifEPh7TvFOkXmj6vaJc6bdo0M0L/dZf8AEdQexr8yvjx8G7v4N+Lv7P8AM+06PfI02nXL/eaMN8yP/tL39etdFOd9GI8rooorUQUUUUAFFFFABRRRQAUUUUAFFFFABRRRQAUUUUAFFFFABRRRQAV03w/8B658SPEtn4f0O3865n++/wDyzgj/AIpHPYD9elYOn2c+qX1vZ28e+6u5VhhT++xOFr9Sfgv8HNK+DfhoWFvsudXuPnvtQ2fNK390eka9h+NROfKM1/hd8M9H+FfhW30DR/n/AI7m5f8A1l1N/E5/oOwrtKKK5W76sYUUUUAFFFFABRRRQAUUUUAFFFFABRRRQAUUUUAFFFFABRRRQAUUUUAFFFFABRRRQAUUUUAFFFFABRRRQAUUUUAFFFFABRRRQAUUUUAFFFFABRRRQAUUUUAFFFFABRRRQAUUUUAFFFFABXzp+2Z4P/4SD4T/ANsRx/6V4fu1ud//AExf5HH0+6f+A19F1zvxA0OPxR4H8SaPJ88V9p88P/jny/rTTs7gfkLRR88f+s/1v8f+9RXYSFFFFABRRRQAUUUUAFFFFABRRRQAUUUUAFFFFABRRRQAUUUUAe2fsn+E/wDhKPjXofmR+Za6Skmov/2zHyf+RGjr9MK+M/2D/D//ACOHiCSP/nhYo/5yNj/vpc19mVzVXeRQUUUVmAUUUUAFFFFABRRRQAUUUUAFFFFABRRRQAUUUUAFFFFABRRRQAUUUUAFFFFABRRRQAUUUUAFFFFABRRRQAUUUUAFFFFABRRRQAUUUUAFFFFABRRRQAUUUUAFFFFABRRRQAUUUUAFFFFABRRSp99P95aAPx88YWf9n+Ktcs/+eF9On/kU1i1veNLz+0PGfiS8j/5b6hO//kU1g12IkKKKKYBRRRQAUUUUAFFFFABRRRQAUUUUAFFFFABRRRQAUUUUAfol+xXpf2P4O/aP+Wt9qc7/APAUwi19FV4j+yX/AMkK8N/78/8A6Nr26uSW7KCiiipAKKKKACiiigAooooAKKKKACiiigAooooAKKKKACiiigAooooAKKKKACiiigAooooAKKKKACiiigAooooAKKKKACiiigAooooAKKKKACiiigAooooAKKKKACiiigAooooAKKKKACiiigArn/HHiBPCfhDxBrlxJsisbKWb8kO39a6CvlX9tj4kR6P4Qs/BdnJ/p2sutxcf7FrG3/sz/orVUVd2A+D5JJJJZJJP9bJ87/7x+9TaKK6yQooooAKKKKACiiigAooooAKKKKACiiigAooooAKKKKACiiigD9HP2N9Q/tD4KWdv/wA+N9cw/wC782V/Rq+gK+L/ANhPxZH5vizwnJJ+9fy9Rtk+nyPj6fuz/wACr7QrkmrSZQUUUVIBRRRQAUUUUAFFFFABRRRQAUUUUAFFFFABRRRQAUUUUAFFFFABRRRQAUUUUAFFFFABRRRQAUUUUAFFFFABRRRQAUUUUAFFFFABRRRQAUUUUAFFFFABRRRQAUUUUAFFFFABRRRQAUUVwXxM+Lvhb4T6Z9s1y8/0mRP9H0+H5ridvYdh/tHAoSvogNb4gePNG+G/hW88Qa5cbLaD7ifxTyH7sae5/wDr1+WHxA8caj8SPF2qeJNU/wCPm7f5E/hijH3Ix7KOK6D4wfGTxB8YNc+2ap+5sYN32TT4X/dwKf5ue7H6dK85rphC24gooorQQUUUUAFFFFABRRRQAUUUUAFFFFABRRRQAUUUUAFFFFABRRRQB2Hwv8eXXwz8e6P4kt/n+yS/vof+esJ4dPxHT321+rmh6xY+JNIs9Y0u4SaxvolmhmT+NTX4519Ffs2ftFv8L5f+Ef8AEG+bwrO+9Hj+ZrCQ9WA7xn+IDkdRWVSF9UM/RKiqel6xY65plvqGl3kN7Yzpvhmhfcrr9RVyucYUUUUAFFFFABRRRQAUUUUAFFFFABRRRQAUUUUAFFFFABRRRQAUUUUAFFFFABRRRQAUUUUAFFFFABRRRQAUUUUAFFFFABRRRQAUUUUAFFFFABRRRQAUUUUAFFFFABRXN+MPiB4Y+H9j9s8Sa5ZaZF/B5z/vH/3EHzH8BXzD8QP25LG38y38D6G9zL/0ENT/AHcf4Qg5P4kVUYuWwH2BJJHHH5knyRp993+6teM+PP2pPhz4H8y3/tj+1r6P/l20n99+cn3B+dfAvjj4weOPiRL/AMVB4gurq1/58k/c26/9s1wPzyfeuFrVUu4rn0544/bY8Y655lv4bs7Xw/a/89v+Pi4/M/KPwB+tfOOqaxfa5fXGoapeXV7fT/furpzJI34mqNFaqKWwBRRRTEFFFFABRRRQAUUUUAFFFFABRRRQAUUUUAFFFFABRRRQAUUUUAFFFFABRRRQB2XgP4seLfhnc+Z4b1ya1ik+/bf6y3l+sZyPx619NeC/26JP3dv4w8No/wD0+6S/843/AKMa+M6KlwT3Gfq14I+OHgD4geXHo/iSy+1Sf8uVy32eb6bGxk/TNehV+MdepeB/2iPiF8P/AC49P8QTXVjH/wAuWof6RD+GfmH4EVk6XZhc/Uqivk3wH+3BoeoeXb+MNHm0yX/n5sv9Ih/EcMP1r6T8L+NfDnjiy+1+H9YstTi/6dpQzL9U+8PxArNxa3Gb9FFFSAUUUUAFFFFABRRRQAUUUUAFFFFABRRRQAUUUUAFFFFABRRRQAUUUUAFFFFABRRRQAUUUUAFFFFABRRRQAUUUUAFFFFABRRRQAUV4f8AEz9qjwH8P/Ms7e8/t3WI/wDly09xtVv9ub7o/Dcfavj34kftP+P/AIgeZb/2h/Y2jyf8uemZj3L/ALcn3z+lXGnKQH3F8RP2hPAnwz8yPVNYS51OP/lw0/8AfTfjj5U/4ER9K+SfiJ+2h4x8SeZb+F7dPDlj/f4mun/4GRtT8BXzTRW0aaWrEWtU1S+1i+kvNQvJr2+k+/NdSmSRvxJJqrRRWggooooAKKKKACiiigAooooAKKKKACiiigAooooAKKKKACiiigAooooAKKKKACiiigAooooAKKKKACiiigAooooAKuaXql9od9HeaXeXNlfR/cmtZTHIn4jBqnRQB9JfD/8AbM8ceG/Lt/EkcHiOxT+N/wBzdKv++vB/EV9VfDr9pj4e/ETy7e31T+zNTk/5ctTxC270R/uv+Bz7V+YdFZumnsM/Zyivy1+Hf7Qnj/4b+XHp+sPdaZH/AMw/UP30O3+6M/Mn4Gvrj4b/ALZHg/xR5Vn4kjfw5qcnyeZN+8tWb/rp1T/gQ/GsXTaGfSVFQ2d5aahax3lncQ3VtJ86TQuGV/oRxU1QAUUUUAFFFFABRRRQAUUUUAFFFFABRRRQAUUUUAFFFFABRRRQAUUUUAFFFFABRRRQAUUUUAFFFFABRXkPxU/aQ8F/C8SW9xef2nrv/QMsnDMjf9NH+6n48+1fEPxQ/aU8cfFDzLeS8/snQ5P+Yfp7lVdf+mj/AHn/AB49quMHID7G+KH7Vngf4f8AmWdncf8ACQa5H/y7ae48tG/25uVH0GTXxj8TP2iPHHxM8y3vNQ/s/R3/AOYZp+Y49v8Atn7z/ia8noreNNREFFFFWIKKKKACiiigAooooAKKKKACiiigAooooAKKKKACiiigAooooAKKKKACiiigAooooAKKKKACiiigAooooAKKKKACiiigAooooAKKKKACiiigAooooA7TwH8WPF3wzufM8N6xNaxfx2r/ALy3l+sZ4/LFfXnwz/bY0DWPs9n44s30W++59ttcyWrf7RH30/8AHhXwfRUSgpDP2Q0vWLHXLGPUNLvLW9sZ/uTWziSN/wARVyvyR8B/EzxV8M777Z4b1iay/wCe0P3oZf8AfjPyn+dfZXwr/bQ0DxB9n0/xpb/2Fqf/AD+JlrN/r/FH+OR71jKm1qhn1JRUNneQahax3lncJPazpvSaF9yuvqCKmrMAooooAKKKKACiiigAooooAKKKKACiiigAooooAKKKKACiiigAooooAKKr3l5aaXbXF5eXENrawJvmmmcKqL6kngV8h/GD9tCC3+0aX8O40ml+4+szJ+7X/rlGfv8A+83HtVRi5bAfSXxE+KnhX4X6Z9s8R6pHD5n+ptk+a4n/ANxOv49K+H/ix+1x4q8efaNP8P7/AA5ob/J+5f8A0qdf9uQfc/3V/EmvBdY1zUfEmp3GqaxqF1e30/35pnLM34ms+t400tWIdTaKK0EFFFFABRRRQAUUUUAFFFFABRRRQAUUUUAFFFFABRRRQAUUUUAFFFFABRRRQAUUUUAFFFFABRRRQAUUUUAFFFFABRRRQAUUUUAFFFFABRRRQAUUUUAFFFFABRRRQAUUUUAFFFFAHoHwz+NHjH4V3PmeH9Uf7D/y20+5/eW8v/AOx91wa+4vhP8AtWeEviJ5en6pInh/xDJ8nk3L/uZ2/wCmcnA/A4Nfm7RUSgpDP2cor82/hH+1R4t+G/2fT9QkfXfDyfJ9muX/AH0C/wDTKQ9v9luP92vu34b/ABZ8K/FPTftnhzUEmlj/ANdZv8txB/vp/UZFc8oOIzt6KKKkAooooAKKKKACiiigAooooAKKKKACiiigAoopskkccXmSfJF9/fQA6vM/ix8dPCvwfsf+JpcfatYkT/R9Mtsec/uf7i+5/CvEfjh+2BBo/wBo0P4dyJdX33JtZ+9DF/1yB4c/7X3f96vifUNQutYvrjUNQuJrq+nffNNM+6SVvcmtYU76sD0L4r/HTxV8W73/AImlz9m0eNt8OmWznyV+veQ+7V5nRRW6VtESFFFFMAooooAKKKKACiiigAooooAKKKKACiiigAooooAKKKKACiiigAooooAKKKKACiiigAooooAKKKKACiiigAooooAKKKKACiiigAooooAKKKKACiiigAooooAKKKKACiiigAooooAKKKKACiiigArQ0PXNS8N6nb6po+oXWn30H3JoX2sn+fSs+igD7o+C/wC2RY6x9n0f4geTp999xNWRNtvL/wBdR/yzPuPl/wB2vrGKWO5ijkjkR43Tejo+5WX1Br8Zq9q+C/7SHiP4Tyx6fcb9W8M7/n0+Z/mg94D/AAfT7prGVLqh3P0yorlPAXxE8O/EzQo9Y8Oagl1bfxp92aBv7kidj+h7V1dYDCiiigAooooAKKKKACiiigAoorkPiR8SPD/wv8NS63rlzsj+5DAn+uupP7ka9z69h1NCV9EBs+JPEmleD9DvNY1y8gstMtE3vM/8h6k9gOTX58/Hj9pzWPihLcaPofnaZ4U+5s+7Ne/7UhHQf7A/GuH+MHxo1/4wa59o1STyNMgdvsmmI/7uBf73u57k/hXm9dEKdtWIKKKK1EFFFFABRRRQAUUUUAFFFFABRRRQAUUUUAFFFFABRRRQAUUUUAFFFFABRRRQAUUUUAFFFFABRRRQAUUUUAFFFFABRRRQAUUUUAFFFFABRRRQAUUUUAFFFFABRRRQAUUUUAFFFFABRRRQAUUUUAFFFFABRRRQAUUUUAFFFFAHSeB/Hmv/AA31yPWPD+oPa3Uf3/8AnnKv9yROjj/Ir9E/gf8AtCaH8X7GOzk8vTvFUafvtPd/vY/jiJ++nt1FfmRVjT9Qu9Lvre80+4mtb6B98M0L7WVh/ECKiUFIZ+ylFfM37O/7UFp4/wDs/hvxZJDa+KvuQ3P3Y7/H6CX26HtX0zXM1YYUUUUgCiiigAoorlviJ8QNG+Gfha88Qa5cbLa3+4n/AC0nk/hjT3P/ANegDO+KnxU0P4R+GZNY1iTfL9y0s0/1l1J6D29T0Ar8zfiR8TNf+KniGTWNcuN/8FtbJ/qbWP8AuIP5nqe9SfFD4oa58WPFVxrmsSf7Ftap/q7WHd8qJ/U9Sea4uumEOXV7iCiiitBBRRRQAUUUUAFFFFABRRRQAUUUUAFFFFABRRRQAUUUUAFFFFABRRRQAUUUUAFFFFABRRRQAUUUUAFFFFABRRRQAUUUUAFFFFABRRRQAUUUUAFFFFABRRRQAUUUUAFFFFABRRRQAUUUUAFFFFABRRRQAUUUUAFFFFABRRRQAUUUUAFFFFADo5Hjl8yP/Wx194fsz/tMR+LPsfg/xhcbNd+5Y6g/yre/7Dn/AJ6/+hfWvg2nRyPHL5kfyf7dTKPMM/Zqivmn9l/9oj/hYFlH4T8SXH/FV2ifuZn/AOX+Ef8AtRe/qOa+lq5WraMYUUUUgKuoahaaPY3GoahcJa2NpE000z/dVR94mvzF+PHxovvjB4q+0fPD4esdyadbf7P8Ur/7bd/QcV7Z+2Z8ZPtFz/wrvR7j91Btm1d0f77dUh/Dq3/Aa+O63pw6sQUUUVsIKKKKACiiigAooooAKKKKACiiigAooooAKKKKACiiigAooooAKKKKACiiigAooooAKKKKACiiigAooooAKKKKACiiigAooooAKKKKACiiigAooooAKKKKACiiigAooooAKKKKACiiigAooooAKKKKACiiigAooooAKKKKACiiigAooooAKKKKACiiigC5peqXWj6nb6hp9w9rfWjrNDMn3kYfdNfpz8A/jHafGDwZHeyeXDrthth1G2T+CTtIB/cbqPT5hX5dV6B8G/ihffCfxxZ65b73sf8AU31sn/Lxbn7y/UdV91qJw5kM/VyisvT/ABFpGq2Frf2up2z2t1Es0Tb/ALyMAQfyIorlGfmv+0J8I9c+GfjO8uNQuJtQ0zVpZLm21N/vSsWywkP/AD0Hf16ivH6/Xrxx4H0f4ieGrzw/rlv51jdp/wACib+F0PZl7V+Yvxb+FGsfCTxLJpeqfvrV9z2moIn7u6j/AKMP4l7V0U530e4jz+iiitRBRRRQAUUUUAFFFFABRRRQAUUUUAFFFFABRRRQAUUUUAFFFFABRRRQAUUUUAFFFFABRRRQAUUUUAFFFFABRRRQAUUUUAFFFFABRRRQAUUUUAFFFFABRRRQAUUUUAFFFFABRRRQAUUUUAFFFFABRRRQAUUUUAFFFFABRRRQAUUUUAFFFFABRRRQAUUUUAFbHhfwvqvjDXLPQ9Hs3utTvn2Qw/8AsxPYDue1VdH0e+8QanZ6XpdnNdX126wwww/edjX6S/s//Aex+D+ifaLzZdeKr5P9LufvLEv/ADxj/wBgdz/Eaic+UZ5tY/sQ24srYT+OtbWcRr5ggU+WGxzt5+7np7UV9ZUVz88hhXJfET4daN8UPDV5oGuW++OT/UzJ/rLWT+GRPcfqODXW0VK01A/Jv4ofCvXPhP4lk0fWI/8AbtL1P9XdR/30/qOoNcPX62/Ej4b6B8UPDMuh6/b+ZH9+GZP9dBJ/fjbsfboehr80Pix8I9f+EniGTS9Uj32r7ntNQRP3d1H7ehH8S9q6YT5tHuI4GiiitBBRRRQAUUUUAFFFFABRRRQAUUUUAFFFFABRRRQAUUUUAFFFFABRRRQAUUUUAFFFFABRRRQAUUUUAFFFFABRRRQAUUUUAFFFFABRRRQAUUUUAFFFFABRRRQAUUUUAFFFFABRRRQAUUUUAFFFFABRRRQAUUUUAFFFFABRRRQAUUUUAFFFFABVzS9Lvtc1Oz0/T7ea6vrt1hhhhTczsewFO0fR77xJqdnpel2c11fXb7IYYfmZm/z19K/Rj9nv9nex+Edj/amqeTe+L7tP30yfMtqp/wCWUf8A7M3f6VEpcoxv7O/7O9j8J9M/tTVPJuvF92n76b7y2Sn/AJZR/wDszd/pXvFFFczd9WMKKKKQBRRRQAVzfjjwHofxE8PXGh+ILP7TYyfc/haKTs6HsRXSUUAflr8aPgfrnwb1fy7jfe6HO/8Aomponyy/7D/3JB3HfqK8tr9iPEHhrSvFmkXmkaxZwXum3SbJYZvut/gR2I5Ffnh8fP2bNV+Fl1JrGj+fqfhCRv8AXfeks/8AYlx29H6HvXRCpfRiPBqKKK1EFFFFABRRRQAUUUUAFFFFABRRRQAUUUUAFFFFABRRRQAUUUUAFFFFABRRRQAUUUUAFFFFABRRRQAUUUUAFFFFABRRRQAUUUUAFFFFABRRRQAUUUUAFFFFABRRRQAUUUUAFFFFABRRRQAUUUUAFFFFABRRRQAUUUUAFFFFABW14X8J6x401yz0PQ7N73U7t9iIn/oRPQAdyeK2Phn8L/EfxU8Qx6P4ft9/8dzdP/qbVf7zn+Q6mv0k+Efwb0D4P6H9j0uPztTnT/S9TdP31w39EHZRx+NZzmo+ozA+A/7P+kfB/TftMhj1DxVdJ/pF/s/1X/TOLPRfU9Wr2Wiiudu+rGFFFFIAooooAKKKKACiiigAqO4t47iKS3uI0mikTY6Om5XX0INSUUAfEPx8/ZHk0/7R4k+H9u81t8z3GjJ80kXqYPUf7HUdq+Q/9XX7NV89fHT9l/R/iZ9o1zQ/J0nxV99327Ybxv8ApoB0b/aH41tCpbRgfnRRW14s8J6x4H1y40fxBp81lqcH8D/x/wC0h6FD2I4rFrYkKKKKYBRRRQAUUUUAFFFFABRRRQAUUUUAFFFFABRRRQAUUUUAFFFFABRRRQAUUUUAFFFFABRRRQAUUUUAFFFFABRRRQAUUUUAFFFFABRRRQAUUUUAFFFFABRRRQAUUUUAFFFFABRRRQAUUUUAFFFFABRRTo43kljjjjd5ZPkRE/i+lADa9m+B/wCzv4g+MFzHeSb9M8Mo/wC+1B0/1v8AsRD+M+/QV6x8C/2P59Q+z+IPiJbvDa/K8Wjf8tJf+u39wf7PX1r7Ys7ODTra3s7O3SC1gTZDDCm1VUdgBwKxnU6IZh+CvA+gfDvQ7fQ/D+npa2Kf8CaVu7ue5PrXRUUVgMKKKKACiiigAooooAKKKKACiiigAooooAKKKKAOM+JHwv8ADnxU0P8AsvX7Pztn/Hvcp8s1q395H/oeD3r8/PjR+zn4n+Ecsl55f9p+Gd/yanCn3P8AZlT+A+/3TX6bVHLFHcRyRyRo8TpsdH+ZWX0IPFXGfKB+M9FfdXxo/Y307XPtGsfD/wAnT77776S/y28v/XM/8sz7fd+lfFPiDw/qvhPU7jS9c0+bT76D78MybW/+uPccVvGalsIy6KKKsQUUUUAFFFFABRRRQAUUUUAFFFFABRRRQAUUUUAFFFFABRRRQAUUUUAFFFFABRRRQAUUUUAFFFFABRRRQAUUUUAFFFFABRRRQAUUUUAFFFFABRRRQAUUUUAFFFFABRRRQAUUUUAFFH+sr6a+Df7IeueMPs+seMPO0LQvvpa/8vlwv0P+rHuefak5JbgeH/D/AOG/iP4ma5/ZfhvT3upf+W033Ybdf70j9AP1PYV+gHwT/Zn8OfCfy9UvNmreJv8An9dP3cHtEh6f7x5r1bwn4O0PwPpEej+H9Lh0+xj/AIIU+83q56ufc1uVzynzFBRRRWYBRRRQAUUUUAFFFFABRRRQAUUUUAFFFFABRRRQAUUUUAFFFFABXHfED4X+GPifpn9n+JNLS6/54zJ8s1v/ALUbjkfTpXY0UXtsB+dfxc/ZL8VeA/tGoeH9/iDQ0+f9yn+lQL/txjqB6r+VfO9fs5XjPxT/AGZ/BXxP8y7+z/2Lrj/8xDT0C7/+ukfCv+h962jV6MVj8yaK9a+KH7O/jj4XyyXF5p/9oaPH/wAxPT8yR/8AAx95PxGPevJa2TvqhBRRRTAKKKKACiiigAooooAKKKKACiiigAooooAKKKKACiiigAooooAKKKKACiiigAooooAKKKKACiiigAooooAKKKKACiiigAooooAKKKKACiiigAooooAKKK6bwX8O/E/xE1P+z/DejzahL/G6Jtji93c/Kn4mle24HM16N8L/AIH+Mfixc/8AEj0/Zpm/99qdzlbdfx/jPsua+rvhV+xhoegeXqHji4TWb77/APZ8OVs4vr3k/RfavqKzs4NPto7ezt0htoE2JDCm1VX0AHSspVeiHY8d+Ef7M/hH4V+XeeX/AG14h/6CF0n+q/65JyE+vLe9e0UUVi3fVjCiiikAUUUUAFFFFABRRRQAUUUUAFFFFABRRRQAUUUUAFFFFABRRRQAUUUUAFFFFABRRRQA3/WV4H8UP2S/A/jz7ReaXH/wjmsSfP51kn7mVv8Abh6fiuPxr36imnbVAfl38SP2d/Hnwz8y41DS/wC0NM/6CGn5kj/4GMbk/EV5PX7OV4z8SP2Y/AHxE8y4/s/+xdXk/wCXzTMR72/24/uv+h961jV7isfmTRX0F8QP2P8Ax34P8y40eNPEemJ/HZfLcKvvCf8A2UmvA7yzn0+5kt7y3eG5j+R4ZkKsn+yQcEVsmnsIhooopgFFFFABRRRQAUUUUAFFFFABRRRQAUUUUAFFFFABRRRQAUUUUAFFFFABRRRQAUUUUAFFFFABRRRQAUUUUAFFFFABRRRQAUUV6h8P/wBnvx/8SPLk0vQ3tdMk/wCYhqH7mH/eGfmf8BSbtuB5fXUeC/h34n+Il99j8N6Pdah/A7on7mL/AH5D8o/PNfbHw7/Yv8JeG/LvPFlw/iC+j+fyeY7NPw+8/wCJA9q+kNP0ux0exjs9Ps4bKxg+5DbRCONfoBxWUqvYdj5Q+Gf7Eenaf5GoePNQ+3y/9AyzzHCvs8n3n/DA9zX1Xo+h6b4fsY9P0fT7XT7GD7kNtEI41/AVoUVk5N7jCiiipAKKKKACiiigAooooAKKKKACiiigAooooAKKKKACiiigAooooAKKKKACiiigAooooAKKKKACiiigAooooAKKKKACuV8afDPwl8QLby/Enh+y1D+5M6bZl+ki4YfnXVUUXA+O/G/7C9rJvuPBniB7Y/8APnqf7xfwkUA/mK+a/HHwL8f/AA/8yTWPDd19lj/5fbb/AEi3/wB7evT/AIEBX6sUVpGo0B+MdFfqt40+A/w88d+ZJrHhey+0yf8AL1bJ9nm/3spjJ+oNfP8A4t/YUgcSS+E/FEkP9y21OHcv/fxcH8SK0VVPcVj4por17xZ+zH8UPCfmSSeG5tQto/8Altpj/aF/IfP/AOO15PeWc+ny/Z7y3e1lj++kyFW/I1oncRDRRRTAKKKKACiiigAooooAKKKKACiiigAooooAKKKKACiiigAooooAKKKKACiiigAoorvPCfwX8f8AjTy/7H8J6nNFJ/y2eLyYf++32ilcDg6K+svCf7C/iO88uTxR4gstMi/542SfaJPzOF/nXvngv9lP4a+D/Lkk0d9auY/+W2rP5y/9++E/MGodRDsfnj4X8D+I/HFz9n8N6He6nL/06xblX6vwo/EivozwP+w/4j1Ty7jxZrFtpMX/AD7Wv+kXH58IP1r7qs7ODT7aO3s7eG1to/uQwoI1T8BxU1ZuqxnlPgP9nP4e/D/y5NP0OG91OP8A5fdQ/wBIk+oz8qf8BANerUUVm3fcAooopAFFFFABRRRQAUUUUAFFFFABRRRQAUUUUAFFFFABRRRQAUUUUAFFFFABRRRQAUUUUAFFFFABRRRQAUUUUAFFFFABRRRQAUUUUAFFFFABRRRQAUUUUAFY/iDwtofiiP7Prmj6fqcX/T1bpJ+RIyPwrYooA8J8Sfsh/C/xB5n2fS7nSZf7+n3BVf8AvhsivI/EH7B8/wDrPD/jBH/6Y6nafN/32hx/47X2lRVKcl1A/NnXP2Q/ipo/mfZ9HstTi/v6fdo36Ptb8hXmeufDTxp4Y/5DHhPWbMf89JrSTb+eMV+uVFX7ZisfjHJ+7/1nyf7/AMv86K/YTVPCGgavF5mo6Hpl4PSe0jY/mRmuB1T9nX4Wam2648Faakv/AD0tt0J/Q0/bLqgsflzRX6O3n7Ffwx1AZt4tWsj6Q3rMv5NmuT1D9hHwrI26y8Va3bt6SJFIv/oIP61aqJhY+DqK+vtV/Yjhskd7fxvJlc48zTAen0lFeT6z8Af7Gm8oeIRIuztZbf8A2oarmQjxmiug17wz/YlvvN2Zju2/c2/1Nc/VAFFFamjaT/bM3leaI127uU3f1FAGXRXqGk/CA6siv/bIjLNtObXd/wCzivWPD37Gw1i28+TxoY4t23y00zn8/O/pU8yA+V6K+39L/YU0G4/4/PGGqP8A9cbaKP8AnursLX9iD4c2A/0m7129/wB+7Ef/AKCoqXUSHY/PKm1+mul/swfCfT/+ZSiuv+v24km/ma77SPhl4O0Nd2n+F9Fth/0zsY93/fRBNT7VBY/KTS/Cev8AiCXy9L0PU72X+5bWjyfyFejaH+y/8VNc/wBX4Tmsov7+oSx2/wCjHd+lfp2qiJfLQBEH8KfKv5U+p9q+gWPhPw/+wn4juPLk1zxRpllF/GllE9w35naP0r1jw3+xP4A0fy5NUuNW1mX/AG5RDH+SD+tfSlFTzy7jOP8AC/wr8F+D/L/sPwvpNlLH/GluGk/77bLfrXYUUVFwCiiigAooooAKKKKACiiigAooooAKKKKACiiigAooooAKKKKACiiigAooooAKKKKACiiigD//2Q==\" /></p>', null, '90'), ('12', '2019-05-15 09:57:48', null, '2019-05-15 09:57:48', '0', '<p>asdfasdfasd<img class=\"wscnph\" src=\"data:image/jpeg;base64,/9j/4AAQSkZJRgABAQAAAQABAAD//gA7Q1JFQVRPUjogZ2QtanBlZyB2MS4wICh1c2luZyBJSkcgSlBFRyB2OTApLCBxdWFsaXR5ID0gODYK/9sAQwAEAwMEAwMEBAQEBQUEBQcLBwcGBgcOCgoICxAOEREQDhAPEhQaFhITGBMPEBYfFxgbGx0dHREWICIfHCIaHB0c/9sAQwEFBQUHBgcNBwcNHBIQEhwcHBwcHBwcHBwcHBwcHBwcHBwcHBwcHBwcHBwcHBwcHBwcHBwcHBwcHBwcHBwcHBwc/8AAEQgCzQJiAwEiAAIRAQMRAf/EAB8AAAEFAQEBAQEBAAAAAAAAAAABAgMEBQYHCAkKC//EALUQAAIBAwMCBAMFBQQEAAABfQECAwAEEQUSITFBBhNRYQcicRQygZGhCCNCscEVUtHwJDNicoIJChYXGBkaJSYnKCkqNDU2Nzg5OkNERUZHSElKU1RVVldYWVpjZGVmZ2hpanN0dXZ3eHl6g4SFhoeIiYqSk5SVlpeYmZqio6Slpqeoqaqys7S1tre4ubrCw8TFxsfIycrS09TV1tfY2drh4uPk5ebn6Onq8fLz9PX29/j5+v/EAB8BAAMBAQEBAQEBAQEAAAAAAAABAgMEBQYHCAkKC//EALURAAIBAgQEAwQHBQQEAAECdwABAgMRBAUhMQYSQVEHYXETIjKBCBRCkaGxwQkjM1LwFWJy0QoWJDThJfEXGBkaJicoKSo1Njc4OTpDREVGR0hJSlNUVVZXWFlaY2RlZmdoaWpzdHV2d3h5eoKDhIWGh4iJipKTlJWWl5iZmqKjpKWmp6ipqrKztLW2t7i5usLDxMXGx8jJytLT1NXW19jZ2uLj5OXm5+jp6vLz9PX29/j5+v/aAAwDAQACEQMRAD8A+7KKKKACiiigAooooAKKKKACiiigAooooAKKKKACiiigAooooAKKKKACiiigAooooAKKKKACiiigAoqOSWO3jkkkkRIo/vu77VX6mvCfiB+1x8PfBfmW+n3D+I9TTd8mmf6vd7zH5f8AvndTSb2A96rP1jXNK8N232vWNUstPtf+e17Kka/+PGvz38cftifELxR5lvpclr4fsZP+fJN03/fxs/oBXhOqaxqWuXX2zVNQutQuv+e11KZG/Nia0VJ9RXP0a8UftcfC/wAN+ZHb6xNq0v8Ac0y3LL/3221fyzXkviD9vD/WR+H/AAf/ALj6hd/+yoP618Y0VoqUUFz6G1j9sz4m6h/x5yaTpkX/AExtNzfmxP8AKuJ1D9ov4qap/wAfHjjU/wDtj5cP/oKivL6KrlXYR1V58TPGl5/x8eMPED/7+pz7fy3YrI/4SjXP+gxqf/gXJ/jWZRTsBqf8JJrn/QY1D/wLk/xq9Z+PPF2n/wDHn4o12H/rjqEq/wAmrnaKAPQtP+OnxJ0v/j38ca7/AMDuPM/9D3V2Gl/tefFfS/8AWa5bah/1+2Mbf+g7a8Noo5V2A+ttD/bs8QW//Ic8J6fdRf37KZ4W/I5FeqeG/wBtj4e6p5cesW+raLL/AH5ovOj/ADTn/wAdr89aKj2cR3P108LfEjwl44i/4p/xJpmof9M4Zh5n/fBw35iuor8ZY5JI5Y5I/klj+46feSvVvBf7R/xJ8EeXHZ+IJr2xj/5dtT/0iP8A76b5h+dQ6XYLn6iUV8o+A/24NA1Ty7fxhpc2jXP/AD9W2bi3/EffH/j1fS/hvxTofi/TI9Q8P6pZ6nYv/wAtrWUN+fp+NZOLW4zXooopAFFFFABRRRQAUUUUAFFFFABRRRQAUUUUAFFFFABRRRQAUUUUAFFFFABRRRQAUUUUAFFFFABRRRQAUUUUAFFFFABRRRQAUUUUAFFFFABRRRQAUUUUAFFFFABRRRQAUUUUAFFFFABRRRQAUUVxPxI+LHhn4V6R/aHiC82Syf8AHvZJ81xcN6In8yePehK+iA7ST93Xzr8VP2wPCvgeW40/w/8A8VHrEfyfuX22sTe8n8f0X86+VfjB+0p4u+KktxZ+Z/ZPh7+DT7Z/9av/AE1fgv8AThfavGa3jS6sVz0D4ifGjxp8UJZP+Eg1h3sf4NPtv3dqn/AB1+rZrz+iitUraIQUUUUwCiiigAooooAKKKKACiiigAooooAKKKKACiiigArY8N+KNc8H6nHqGh6pdaZff89rVyu/69j9DmseikB9lfC/9tyT93p/xA0/f/B/a2np/wCjIf6r+VfX3h/xJo/izTLfVND1C11Cxn+5NC+5fx9D7Hmvx3rrPAfxI8TfDPV/7Q8N6o9lL/y2h+9DP7SJ0P8AOs5Ur7DufrhRXgfwX/ak8OfFD7PpeqbNF8TSfJ9md/3N03/TJz3/ANlufTNe+Vg1bRjCiiikAUUUUAFFFFABRRRQAUUUUAFFFFABRRRQAUUUUAFFFFABRRRQAUUUUAFFFFABRRRQAUUUUAFFFFABRRRQAUUUUAFFFFABRRRQAUUUUAFFFFABRRRQAUUUUAFFFFABRRXyn+0h+1InhP7Z4T8F3CPrn3LvU0wy2X95E9ZfU9F+tNRb2A6v4+/tN6X8MI7jQtDMOp+Lv7g+aKz/ANqXHVvRPzr8+vEnijWPGGr3Gsa5qE2oanP9+ab/ANBHYAdgOKzZJJLiWSSSR3lkfe7v8zO3qajrpjDlEFFFFWIKKKKACiiigAooooAKKKKACiiigAooooAKKKKACiiigAooooAKKKKACiiigB3+rr6y+Af7XF3o8tv4b+IFw91pn3LbWX+aa39pe7r/ALXUe9fJdFTKKluB+y1vcQXltHcW8qTW06K6TI+5WU/dII4INTV+b/7Pf7Rl98J7mPR9Y8698ITv86feks2/vx+3qvftX6KaXqljrmmW+oafcJdWN2izQzQvuV1P8QrmlHlKLlFFFSAUUUUAFFFFABRRRQAUUUUAFFFFABRRRQAUUUUAFFFFABRRRQAUUUUAFFFFABRRRQAUUUUAFFFFABRRRQAUUUUAFFFFABRRRQAUUUUAFFFFABRRRQAUUV4n+0Z8cIPhH4a+z6fIj+KtSRktE/54L0aZx6D+H1NNK+iA4j9p/wDaN/4QiKTwf4TuMeIZ1/0u9T/lwU9h/wBNT/47XwR/rKkvLifULm4vLiR57md2eaZ33MzH7zEnvUNdUY8ogoooqhBRRRQAUUUUAFFFFABRRRQAUUUUAFFFFABRRRQAUUUUAFFFFABRRRQAUUUUAFFFFABRRRQAV71+zn+0Jd/CvUo9H1iR5/CF3L++T7zWbH/lont/eXv1rwWik1fRgfstZ3kGoW1veWciT2s6LNDMj7lZTypB9CKmr4R/ZM+Pn/CN31v4D8SXn/Enu32adczf8usx/wCWR/2WPT0P+9X3dXLKPK7FBRRRUgFFFFABRRRQAUUUUAFFFFABRRRQAUUUUAFFFFABRRRQAUUUUAFFFFABRRRQAUUUUAFFFFABRRRQAUUUUAFFFFABRRRQAUUUUAFFFFABRRRQBzvjjxppXw/8K6h4k1iTZY2Kb/8Aalb+FE92PAr8q/iB441X4keL9Q8SaxJ/pN2/3P4Yox9yMewFe3ftefGD/hNPF3/CJ6Xcb9D8Pyt5zp92e86MfonQe+6vmuuinG3vCYUUUVqIKKKKACiiigAooooAKKKKACiiigAooooAKKKKACiiigAooooAKKKKACiiigAooooAKKKKACiiigAooooAK/Rb9lf42f8ACyPCv/CP6xcb/E2jRKju/wB66t+gl+o6N/wE1+dNdN4A8b6j8PPF2l+I9Lk/0mxl37P4ZY/40Psw4qJx5lYZ+u1FYvhPxRp3jTw1pfiDS5N9jqUSzJ/sf3gfcHg/7tbVcowooooAKKKKACiiigAooooAKKKKACiiigAooooAKKKKACiiigAooooAKKKKACiiigAooooAKKKKACiiigAooooAKKKKACiiigAooooAK8n/AGiPih/wqv4c3moW8n/E4vv9E07/AK6FeX+ijn616xX5u/tafEz/AITz4lXGn28m/R/D260h/utN/wAtX/Pgey1UI8zsB4PJJ5n7ySR3l/vv96m0UV1khRRRQAUUUUAFFFFABRRRQAUUUUAFFFFABRRRQAUUUUAFFFFABRRRQAUUUUAFFFFABRRRQAUUUUAFFFFABRRRQAUUUUAfXn7E/wAVPsep3nw/1CT/AEa+3Xenb/4Zh9+P/gQ+b6q1fcFfjnoesXXh/V9P1jT5PJvrGWO5hf8AuMhytfrV4D8YWnjzwho/iSz/ANVqVus2z+438SfgdwrmqKzuNHRUUUVmMKKKKACiiigAooooAKKKKACiiigAooooAKKKKACiiigAooooAKKKKACiiigAooooAKKKKACiiigAooooAKKKKACiiigAooooA4P4yePP+Fb/AA08QeIP+XqCLybZP79xJ8ifq2a/KGSSSSWSSSTfLJ87v/fY/eP4mvsX9ufxv5l14c8F28n3N2qXf+8fkiH5eYf+BV8cV0UlZXYgooorUQUUUUAFFFFABRRRQAUUUUAFFFFABRRRQAUUUUAFFFFABRRRQAUUUUAFFFFABRRRQAUUUUAFFFFABRRRQAUUUUAFFFFABX2t+w38QPMttc8D3kn+o/4mNj/unAlT89rf8Cavimu8+C/jR/h/8SvDeueZ/osdwsNz/twyfI/6NUzV0M/WCij/AMforkGFFFFABRRRQAUUUUAFFFFABRRRQAUUUUAFFFFABRRRQAUUUUAFFFFABRRRQAUUUUAFFFFABRRRQAUUUUAFFFFABRRRQAUUVyPxU8Uf8IX8OfFGuf8ALSw0+V0/66EYQfiWWhAfmn8cPGH/AAnHxZ8UaxHJvtftbW1t/wBcYvkX/wBBrz2j/wAforsSsSFFFFMAooooAKKKKACiiigAooooAKKKKACiiigAooooAKKKKACiiigAooooAKKKKACiiigAooooAKKKKACiiigAooooAKKKKACiiigD9UP2f/GH/CcfCLwvqkkm+5jt/slz/wBdovkb/wBBr0yvkP8AYT8UfaND8WeG5JP+PS4jvof92RdjY+hjX/vqvryuSSsygoooqQCiiigAooooAKKKKACiiigAooooAKKKKACiiigAooooAKKKKACiiigAooooAKKKKACiiigAooooAKKKKACiiigAr5y/bU8Qf2X8Io9PjP7zVdQih/7ZpmQ/qqV9G18R/t4ax5mr+C9H/wCedvPd7P8AfKp/7LVw+JAfH9FFFdRIUUUUAFFFFABRRRQAUUUUAFFFFABRRRQAUUUUAFFFFABRRRQAUUUUAFFFFABRRRQAUUUUAFFFFABRRRQAUUUUAFFFFABRRRQAUUUUAfQH7G/iD+x/jPb2fmbItZsZ7T/gQ/eL+sdfo5X5J/CfWP8AhH/iX4P1T7nkanB/3yXx/wCzV+tlc9VajQUUUVkMKKKKACiiigAooooAKKKKACiiigAooooAKKKKACiiigAooooAKKKKACiiigAooooAKKKKACiiigAooooAKKKKACvzl/bL1T7Z8a7i3/58dPtof+BEMxr9Gq/Ln9pTUP7Q+OHjST/nndrD/wB8RpWlLcTPKaKKK6RBRRRQAUUUUAFFFFABRRRQAUUUUAFFFFABRRRQAUUUUAFFFFABRRRQAUUUUAFFFFABRRRQAUUUUAFFFFABRRRQAUUUUAFFFFABRRRQA6O4ks5Y7iP/AFsH75P94c1+xmh3n9oaRp95/wA97eKb80Br8ca/WH4LagdU+EXgi8/56aVBu/3tlY1ug0d3RRRWAwooooAKKKKACiiigAooooAKKKKACiiigAooooAKKKKACiiigAooooAKKKKACiiigAooooAKKKKACiiigAooooAdX5L/ABguPtnxU8aSf9Raf9Hx/wCy1+tEf+tjr8hfiB/yPviz/sMXv/pQ9bUuomc3RRRW4gooooAKKKKACiiigAooooAKKKKACiiigAooooAKKKKACiiigAooooAKKKKACiiigAooooAKKKKACiiigAooooAKKKKACiiigAooooAK/UL9mO4+0fArwX/0zt2h/wC+JSK/L2v0w/ZLkeT4A+F/M/563af8BFzJWVXZDR7ZRRRXOMKKKKACiiigAooooAKKKKACiiigAooooAKKKKACiiigAooooAKKKKACiiigAooooAKKKKACiiigAooooAKKKKAHV+P/AI4jePxn4kjk/wBbHqd3v/3vOev2Aj/1kf8Av1+RPxIt/s/xG8YR/wDUWu/1mc1tSEzl6KKK3EFFFFABRRRQAUUUUAFFFFABRRRQAUUUUAFFFFABRRRQAUUUUAFFFFABRRRQAUUUUAFFFFABRRRQAUUUUAFFFFABRRRQAUUUUAFFFFABX6Xfsj/8kB8N/wDXxe/+lMtfmjX6bfspxpH8BvC/l/8ALT7S/wCc71lV2Gj2aiiiucYUUUUAFFFFABRRRQAUUUUAFFFFABRRRQAUUUUAFFFFABRRRQAUUUUAFFFFABRRRQAUUUUAFFFFABRRRQAUUUUAFfk/8bLP+z/i740t/wDnnq0/6tn/ANmr9YK/MH9qCz+x/HXxh/03ljm/OJP/AImtaW7EzyGiiiugQUUUUAFFFFABRRRQAUUUUAFFFFABRRRQAUUUUAFFFFABRRRQAUUUUAFFFFABRRRQAUUUUAFFFFABRRRQAUUUUAFFFFABRRRQAUUUUAFfqR+zXZ/Y/gV4Lj/56WPnf99sTX5b1+tnwn0/+y/hh4Ls/ueRpNsmz/gC1lV2Q0dhRRRXOMKKKKACiiigAooooAKKKKACiiigAooooAKKKKACiiigAooooAKKKKACiiigAooooAKKKKACiiigAooooAKKKKACvzt/bU0v+z/jFHef9BLTIH/74yjV+iVfE/7eGl+XqfgvWPL/ANZFPab/AKMH/wDZq0p/EB8d0UUV0khRRRQAUUUUAFFFFABRRRQAUUUUAFFFFABRRRQAUUUUAFFFFABRRRQAUUUUAFFFFABRRRQAUUUUAFFFFABRRRQAUUUUAFFFFABRRRQBNZ2/9oXNvZ/893WH/vs4/wDZq/YzS7P+z9Ms7P8A54RRw/kMV+Ufwf0f/hIPip4P0/7/AJ+pwb/90Hd/7LX6zVhW6DQUUUViMKKKKACiiigAooooAKKKKACiiigAooooAKKKKACiiigAooooAKKKKACiiigAooooAKKKKACiiigAooooAKKKKACvm/8AbY0P+1PhFHqHl/vNJ1CKb/cjkyjfqyV9IVwPxs8N/wDCWfCbxhpcce+WTT5HhT/ppH86fqq04uzQH5Q0UUV2EhRRRQAUUUUAFFFFABRRRQAUUUUAFFFFABRRRQAUUUUAFFFFABRRRQAUUUUAFFFFABRRRQAUUUUAFFFFABRRRQAUUUUAFFFFABRRRQB79+xxof8AbHxrs7z/AJZaTZT3b/7xHlj9ZFr9Hq+M/wBg/wAP/uvGniCT/phYw/hl3/8AZK+zK5qnxFBRRRWYBRRRQAUUUUAFFFFABRRRQAUUUUAFFFFABRRRQAUUUUAFFFFABRRRQAUUUUAFFFFABRRRQAUUUUAFFFFABRRRQAU2WNJIvLk/1b/I/wDumnUUAfkL488NyeE/HHiDQ5Pk/s2+lhT/AHQfl/8AHNtc7X0V+2Z4T/sP4s/2pHH/AKLrtpHc/wDbRPkf/wBBU/8AAq+da64u6uSFFFFUAUUUUAFFFFABRRRQAUUUUAFFFFABRRRQAUUUUAFFFFABRRRQAUUUUAFFFFABRRRQAUUUUAFFFFABRRRQAUUUUAFFFFABRRV7R9Hn8Qavp+l2/wA9zfXEdsn+8520AfpJ+yn4b/4Rv4KeH5P+WureZqL/APbQ/J+SKor2qs/Q9Lg0PSNP0u3/ANVY28dsn+6i4rQrjbuUFFFFIAooooAKKKKACiiigAooooAKKKKACiiigAooooAKKKKACiiigAooooAKKKKACiiigAooooAKKKKACiiigAooooAKKKKAPmX9tzwf/bHw00/xBHH+90K+Xf8A9cZfkb/x/wAuvz9r9fPHnheDxx4M1zw/cf6rUrSS2/3GK/KfwO2vyLvLOfT764s7iPZdQO0Myf7SHDfrXRSelhMr0UUVqIKKKKACiiigAooooAKKKKACiiigAooooAKKKKACiiigAooooAKKKKACiiigAooooAKKKKACiiigAooooAKKKKACiiigAr3j9kPwf/wlHxm0+8kj32uhRSai/wD10Hyxf+Ptn/gNeD199fsR+C/7H8B6p4okj/0nXbjZD/17xcL+bsxqKjtFjPqKiiiuUYUUUUAFFFFABRRRQAUUUUAFFFFABRRRQAUUUUAFFFFABRRRQAUUUUAFFFFABRRRQAUUUUAFFFFABRRRQAUUUUAFFFFABRRRQAV+bP7Wngf/AIQ/4u6heRx7LHXUXUYf7vmHiUf99rn/AIFX6TV86/tkeA/+Eo+GH9uW8f8Ap3huX7T/ALX2d/llH4fK3/Aaum7SA/O2iiiuokKKKKACiiigAooooAKKKKACiiigAooooAKKKKACiiigAooooAKKKKACiiigAooooAKKKKACiiigAooooAKKKKACiiigC1pen3WsanZ6fZx77q7lW2hT/po5wtfrt4L8NweD/Cuj+H7f/VabaR235L8x/E7q+DP2NPAf/CU/E/8Atu4j32PhuL7R/wBt34i/L5m/4CtfofXPVethoKKKKyGFFFFABRRRQAUUUUAFFFFABRRRQAUUUUAFFFFABRRRQAUUUUAFFFFABRRRQAUUUUAFFFFABRRRQAUUUUAFFFFABRRRQAUUUUAFVdU0+DVNMvNPvI99tdxNDMn95XGGq1RQB+RPxA8H3Xw/8Z654bvP9bptwyI/96Pqj/im01zNfan7cHw78yLR/HlnH/q/+Jdff7vWJz+O5f8AgS18V11wd0IKKKKoQUUUUAFFFFABRRRQAUUUUAFFFFABRRRQAUUUUAFFFFABRRRQAUUUUAFFFFABRRRQAUUUUAFFFFABRRRQAUUV6h+z38N/+FmfE/R9Lkj36ZaP9uvv+uMbfd/4Edq0m7agfcn7L/w7f4f/AAr0/wC2R7NT1n/iY3P+xvHyJ+Cba9ooorkbvqygooopAFFFFABRRRQAUUUUAFFFFABRRRQAUUUUAFFFFABRRRQAUUUUAFFFFABRRRQAUUUUAFFFFABRRRQAUUUUAFFFFABRRRQAUUUUAFFFFAGD408J2Pjjwrqnh/UP+PXUrdoX/wBnPRh7g81+S/ijw3feD/EOqaHqkey+024a3m/D+L6HqK/Yavi39tz4X/vdP+IGnx/3bTVNn/kKU/8AoJ/4DWlN2dgPjWiiiukkKKKKACiiigAooooAKKKKACiiigAooooAKKKKACiiigAooooAKKKKACiiigAooooAKKKKACiiigAooooAK/Rj9kP4Zf8ACEfDka5eR7NY8R7bl9/3ooP+WSfj94/71fGvwD+GcnxU+Iul6XJH/wASiD/S9Rf/AKd0b7v1Y/KP+BV+pkccccUccfyRR/In+7WFWXRDQ6iiisRhRRRQAUUUUAFFFFABRRRQAUUUUAFFFFABRRRQAUUUUAFFFFABRRRQAUUUUAFFFFABRRRQAUUUUAFFFFABRRRQAUUUUAFFFFABRRRQAUUUUAFZXiTw/Y+LND1DQ9Tj86xv4WimT/ZPp7jqPetWigD8ifiB4Lvvh34v1Tw3qH+tsZdiP/z1jPKOPZhzXM1+gX7YHwf/AOEw8K/8Jhpdvv1jQ4v9IRPvT2vVvqU6/TdX5+11QlzK4goooqxBRRRQAUUUUAFFFFABRRRQAUUUUAFFFFABRRRQAUUUUAFFFFABRRRQAUUUUAFFFFABRRRQAUUV9Cfsn/B//hYnjP8AtzULff4e0J1mff8AduLjqkX0H3m/4DSk7K4H1V+y/wDCf/hWfw+t7i8t9niHXdt3ef3ol/gi/wCAjr7s1e3UUVyN31ZQUUUUgCiiigAooooAKKKKACiiigAooooAKKKKACiiigAooooAKKKKACiiigAooooAKKKKACiiigAooooAKKKKACiiigAooooAKKKKACiiigAooooAKKKKAGyfvP3cnzxV+Z/7Snwfk+FfjiSSzt3/AOEZ1Z2msX/hib+OH/gPb/Z21+mVcX8VPhvpvxU8Gah4b1D5PM+e2uf4oJh9xx/I+o3VcJcrA/JeitbxR4b1Hwf4h1DQ9Yt/sup2MrQzJ/7MPUEcg+lZNdRIUUUUAFFFFABRRRQAUUUUAFFFFABRRRQAUUUUAFFFFABRRRQAUUUUAFFFFABRRRQAUUUUAbHhfw3qXjDxDp+h6Pb+dfX0ywwp/wCzH2A5Jr9Vvhn8P9O+GfgzS/Den/6q0T99N/FPMfvufqenttFeJ/sj/BP/AIQvw9/wmGuW+zXdZi/0ZH+9a2p5/Bn6n0G0V9NVzVJX0KCiiiswCiiigAooooAKKKKACiiigAooooAKKKKACiiigAooooAKKKKACiiigAooooAKKKKACiiigAooooAKKKKACiiigAooooAKKKKACiiigAooooAKKKKACiiigAooooA+bf2rPgV/wn+h/wDCUaHb7/E2lRfOifevbcfwe7r1X16V+etfs5Xwj+1h+z//AMI3fXHjzw3b/wDEnu336jbJ/wAush/5agf8827+h/3q2pz+ywPlGiiityQooooAKKKKACiiigAooooAKKKKACiiigAooooAKKKKACiiigAooooAKKKKACvpD9lP4F/8LA1z/hKNct/+KZ0qX5Ef7t5cD+D3Rere/Feb/Bf4R6j8YPF8el2++HTINs2o3v8Az7x+3+23RR+NfqB4b8Pab4T0TT9E0e2jtdMsYfJhhT+7/UnqT3NZVJ20QzUooornGFFFFABRRRQAUUUUAFFFFABRRRQAUUUUAFFFFABRRRQAUUUUAFFFFABRRRQAUUUUAFFFFABRRRQAUUUUAFFFFABRRRQAUUUUAFFFFABRRRQAUUUUAFFFFABRRRQAUUUUAFQ3llb6jbT2dxFHPbTo0UsL/MrKfvAj0qaigD81/wBoz4B3fwn1z+0NLjebwffP/oz/AHmtZP8Ani//ALKe4968Lr9ifEPh7TvFOkXmj6vaJc6bdo0M0L/dZf8AEdQexr8yvjx8G7v4N+Lv7P8AM+06PfI02nXL/eaMN8yP/tL39etdFOd9GI8rooorUQUUUUAFFFFABRRRQAUUUUAFFFFABRRRQAUUUUAFFFFABRRRQAV03w/8B658SPEtn4f0O3865n++/wDyzgj/AIpHPYD9elYOn2c+qX1vZ28e+6u5VhhT++xOFr9Sfgv8HNK+DfhoWFvsudXuPnvtQ2fNK390eka9h+NROfKM1/hd8M9H+FfhW30DR/n/AI7m5f8A1l1N/E5/oOwrtKKK5W76sYUUUUAFFFFABRRRQAUUUUAFFFFABRRRQAUUUUAFFFFABRRRQAUUUUAFFFFABRRRQAUUUUAFFFFABRRRQAUUUUAFFFFABRRRQAUUUUAFFFFABRRRQAUUUUAFFFFABRRRQAUUUUAFFFFABXzp+2Z4P/4SD4T/ANsRx/6V4fu1ud//AExf5HH0+6f+A19F1zvxA0OPxR4H8SaPJ88V9p88P/jny/rTTs7gfkLRR88f+s/1v8f+9RXYSFFFFABRRRQAUUUUAFFFFABRRRQAUUUUAFFFFABRRRQAUUUUAe2fsn+E/wDhKPjXofmR+Za6Skmov/2zHyf+RGjr9MK+M/2D/D//ACOHiCSP/nhYo/5yNj/vpc19mVzVXeRQUUUVmAUUUUAFFFFABRRRQAUUUUAFFFFABRRRQAUUUUAFFFFABRRRQAUUUUAFFFFABRRRQAUUUUAFFFFABRRRQAUUUUAFFFFABRRRQAUUUUAFFFFABRRRQAUUUUAFFFFABRRRQAUUUUAFFFFABRRSp99P95aAPx88YWf9n+Ktcs/+eF9On/kU1i1veNLz+0PGfiS8j/5b6hO//kU1g12IkKKKKYBRRRQAUUUUAFFFFABRRRQAUUUUAFFFFABRRRQAUUUUAfol+xXpf2P4O/aP+Wt9qc7/APAUwi19FV4j+yX/AMkK8N/78/8A6Nr26uSW7KCiiipAKKKKACiiigAooooAKKKKACiiigAooooAKKKKACiiigAooooAKKKKACiiigAooooAKKKKACiiigAooooAKKKKACiiigAooooAKKKKACiiigAooooAKKKKACiiigAooooAKKKKACiiigArn/HHiBPCfhDxBrlxJsisbKWb8kO39a6CvlX9tj4kR6P4Qs/BdnJ/p2sutxcf7FrG3/sz/orVUVd2A+D5JJJJZJJP9bJ87/7x+9TaKK6yQooooAKKKKACiiigAooooAKKKKACiiigAooooAKKKKACiiigD9HP2N9Q/tD4KWdv/wA+N9cw/wC782V/Rq+gK+L/ANhPxZH5vizwnJJ+9fy9Rtk+nyPj6fuz/wACr7QrkmrSZQUUUVIBRRRQAUUUUAFFFFABRRRQAUUUUAFFFFABRRRQAUUUUAFFFFABRRRQAUUUUAFFFFABRRRQAUUUUAFFFFABRRRQAUUUUAFFFFABRRRQAUUUUAFFFFABRRRQAUUUUAFFFFABRRRQAUUVwXxM+Lvhb4T6Z9s1y8/0mRP9H0+H5ridvYdh/tHAoSvogNb4gePNG+G/hW88Qa5cbLaD7ifxTyH7sae5/wDr1+WHxA8caj8SPF2qeJNU/wCPm7f5E/hijH3Ix7KOK6D4wfGTxB8YNc+2ap+5sYN32TT4X/dwKf5ue7H6dK85rphC24gooorQQUUUUAFFFFABRRRQAUUUUAFFFFABRRRQAUUUUAFFFFABRRRQB2Hwv8eXXwz8e6P4kt/n+yS/vof+esJ4dPxHT321+rmh6xY+JNIs9Y0u4SaxvolmhmT+NTX4519Ffs2ftFv8L5f+Ef8AEG+bwrO+9Hj+ZrCQ9WA7xn+IDkdRWVSF9UM/RKiqel6xY65plvqGl3kN7Yzpvhmhfcrr9RVyucYUUUUAFFFFABRRRQAUUUUAFFFFABRRRQAUUUUAFFFFABRRRQAUUUUAFFFFABRRRQAUUUUAFFFFABRRRQAUUUUAFFFFABRRRQAUUUUAFFFFABRRRQAUUUUAFFFFABRXN+MPiB4Y+H9j9s8Sa5ZaZF/B5z/vH/3EHzH8BXzD8QP25LG38y38D6G9zL/0ENT/AHcf4Qg5P4kVUYuWwH2BJJHHH5knyRp993+6teM+PP2pPhz4H8y3/tj+1r6P/l20n99+cn3B+dfAvjj4weOPiRL/AMVB4gurq1/58k/c26/9s1wPzyfeuFrVUu4rn0544/bY8Y655lv4bs7Xw/a/89v+Pi4/M/KPwB+tfOOqaxfa5fXGoapeXV7fT/furpzJI34mqNFaqKWwBRRRTEFFFFABRRRQAUUUUAFFFFABRRRQAUUUUAFFFFABRRRQAUUUUAFFFFABRRRQB2XgP4seLfhnc+Z4b1ya1ik+/bf6y3l+sZyPx619NeC/26JP3dv4w8No/wD0+6S/843/AKMa+M6KlwT3Gfq14I+OHgD4geXHo/iSy+1Sf8uVy32eb6bGxk/TNehV+MdepeB/2iPiF8P/AC49P8QTXVjH/wAuWof6RD+GfmH4EVk6XZhc/Uqivk3wH+3BoeoeXb+MNHm0yX/n5sv9Ih/EcMP1r6T8L+NfDnjiy+1+H9YstTi/6dpQzL9U+8PxArNxa3Gb9FFFSAUUUUAFFFFABRRRQAUUUUAFFFFABRRRQAUUUUAFFFFABRRRQAUUUUAFFFFABRRRQAUUUUAFFFFABRRRQAUUUUAFFFFABRRRQAUV4f8AEz9qjwH8P/Ms7e8/t3WI/wDly09xtVv9ub7o/Dcfavj34kftP+P/AIgeZb/2h/Y2jyf8uemZj3L/ALcn3z+lXGnKQH3F8RP2hPAnwz8yPVNYS51OP/lw0/8AfTfjj5U/4ER9K+SfiJ+2h4x8SeZb+F7dPDlj/f4mun/4GRtT8BXzTRW0aaWrEWtU1S+1i+kvNQvJr2+k+/NdSmSRvxJJqrRRWggooooAKKKKACiiigAooooAKKKKACiiigAooooAKKKKACiiigAooooAKKKKACiiigAooooAKKKKACiiigAooooAKuaXql9od9HeaXeXNlfR/cmtZTHIn4jBqnRQB9JfD/8AbM8ceG/Lt/EkcHiOxT+N/wBzdKv++vB/EV9VfDr9pj4e/ETy7e31T+zNTk/5ctTxC270R/uv+Bz7V+YdFZumnsM/Zyivy1+Hf7Qnj/4b+XHp+sPdaZH/AMw/UP30O3+6M/Mn4Gvrj4b/ALZHg/xR5Vn4kjfw5qcnyeZN+8tWb/rp1T/gQ/GsXTaGfSVFQ2d5aahax3lncQ3VtJ86TQuGV/oRxU1QAUUUUAFFFFABRRRQAUUUUAFFFFABRRRQAUUUUAFFFFABRRRQAUUUUAFFFFABRRRQAUUUUAFFFFABRXkPxU/aQ8F/C8SW9xef2nrv/QMsnDMjf9NH+6n48+1fEPxQ/aU8cfFDzLeS8/snQ5P+Yfp7lVdf+mj/AHn/AB49quMHID7G+KH7Vngf4f8AmWdncf8ACQa5H/y7ae48tG/25uVH0GTXxj8TP2iPHHxM8y3vNQ/s/R3/AOYZp+Y49v8Atn7z/ia8noreNNREFFFFWIKKKKACiiigAooooAKKKKACiiigAooooAKKKKACiiigAooooAKKKKACiiigAooooAKKKKACiiigAooooAKKKKACiiigAooooAKKKKACiiigAooooA7TwH8WPF3wzufM8N6xNaxfx2r/ALy3l+sZ4/LFfXnwz/bY0DWPs9n44s30W++59ttcyWrf7RH30/8AHhXwfRUSgpDP2Q0vWLHXLGPUNLvLW9sZ/uTWziSN/wARVyvyR8B/EzxV8M777Z4b1iay/wCe0P3oZf8AfjPyn+dfZXwr/bQ0DxB9n0/xpb/2Fqf/AD+JlrN/r/FH+OR71jKm1qhn1JRUNneQahax3lncJPazpvSaF9yuvqCKmrMAooooAKKKKACiiigAooooAKKKKACiiigAooooAKKKKACiiigAooooAKKr3l5aaXbXF5eXENrawJvmmmcKqL6kngV8h/GD9tCC3+0aX8O40ml+4+szJ+7X/rlGfv8A+83HtVRi5bAfSXxE+KnhX4X6Z9s8R6pHD5n+ptk+a4n/ANxOv49K+H/ix+1x4q8efaNP8P7/AA5ob/J+5f8A0qdf9uQfc/3V/EmvBdY1zUfEmp3GqaxqF1e30/35pnLM34ms+t400tWIdTaKK0EFFFFABRRRQAUUUUAFFFFABRRRQAUUUUAFFFFABRRRQAUUUUAFFFFABRRRQAUUUUAFFFFABRRRQAUUUUAFFFFABRRRQAUUUUAFFFFABRRRQAUUUUAFFFFABRRRQAUUUUAFFFFAHoHwz+NHjH4V3PmeH9Uf7D/y20+5/eW8v/AOx91wa+4vhP8AtWeEviJ5en6pInh/xDJ8nk3L/uZ2/wCmcnA/A4Nfm7RUSgpDP2cor82/hH+1R4t+G/2fT9QkfXfDyfJ9muX/AH0C/wDTKQ9v9luP92vu34b/ABZ8K/FPTftnhzUEmlj/ANdZv8txB/vp/UZFc8oOIzt6KKKkAooooAKKKKACiiigAooooAKKKKACiiigAoopskkccXmSfJF9/fQA6vM/ix8dPCvwfsf+JpcfatYkT/R9Mtsec/uf7i+5/CvEfjh+2BBo/wBo0P4dyJdX33JtZ+9DF/1yB4c/7X3f96vifUNQutYvrjUNQuJrq+nffNNM+6SVvcmtYU76sD0L4r/HTxV8W73/AImlz9m0eNt8OmWznyV+veQ+7V5nRRW6VtESFFFFMAooooAKKKKACiiigAooooAKKKKACiiigAooooAKKKKACiiigAooooAKKKKACiiigAooooAKKKKACiiigAooooAKKKKACiiigAooooAKKKKACiiigAooooAKKKKACiiigAooooAKKKKACiiigArQ0PXNS8N6nb6po+oXWn30H3JoX2sn+fSs+igD7o+C/wC2RY6x9n0f4geTp999xNWRNtvL/wBdR/yzPuPl/wB2vrGKWO5ijkjkR43Tejo+5WX1Br8Zq9q+C/7SHiP4Tyx6fcb9W8M7/n0+Z/mg94D/AAfT7prGVLqh3P0yorlPAXxE8O/EzQo9Y8Oagl1bfxp92aBv7kidj+h7V1dYDCiiigAooooAKKKKACiiigAoorkPiR8SPD/wv8NS63rlzsj+5DAn+uupP7ka9z69h1NCV9EBs+JPEmleD9DvNY1y8gstMtE3vM/8h6k9gOTX58/Hj9pzWPihLcaPofnaZ4U+5s+7Ne/7UhHQf7A/GuH+MHxo1/4wa59o1STyNMgdvsmmI/7uBf73u57k/hXm9dEKdtWIKKKK1EFFFFABRRRQAUUUUAFFFFABRRRQAUUUUAFFFFABRRRQAUUUUAFFFFABRRRQAUUUUAFFFFABRRRQAUUUUAFFFFABRRRQAUUUUAFFFFABRRRQAUUUUAFFFFABRRRQAUUUUAFFFFABRRRQAUUUUAFFFFABRRRQAUUUUAFFFFAHSeB/Hmv/AA31yPWPD+oPa3Uf3/8AnnKv9yROjj/Ir9E/gf8AtCaH8X7GOzk8vTvFUafvtPd/vY/jiJ++nt1FfmRVjT9Qu9Lvre80+4mtb6B98M0L7WVh/ECKiUFIZ+ylFfM37O/7UFp4/wDs/hvxZJDa+KvuQ3P3Y7/H6CX26HtX0zXM1YYUUUUgCiiigAoorlviJ8QNG+Gfha88Qa5cbLa3+4n/AC0nk/hjT3P/ANegDO+KnxU0P4R+GZNY1iTfL9y0s0/1l1J6D29T0Ar8zfiR8TNf+KniGTWNcuN/8FtbJ/qbWP8AuIP5nqe9SfFD4oa58WPFVxrmsSf7Ftap/q7WHd8qJ/U9Sea4uumEOXV7iCiiitBBRRRQAUUUUAFFFFABRRRQAUUUUAFFFFABRRRQAUUUUAFFFFABRRRQAUUUUAFFFFABRRRQAUUUUAFFFFABRRRQAUUUUAFFFFABRRRQAUUUUAFFFFABRRRQAUUUUAFFFFABRRRQAUUUUAFFFFABRRRQAUUUUAFFFFABRRRQAUUUUAFFFFADo5Hjl8yP/Wx194fsz/tMR+LPsfg/xhcbNd+5Y6g/yre/7Dn/AJ6/+hfWvg2nRyPHL5kfyf7dTKPMM/Zqivmn9l/9oj/hYFlH4T8SXH/FV2ifuZn/AOX+Ef8AtRe/qOa+lq5WraMYUUUUgKuoahaaPY3GoahcJa2NpE000z/dVR94mvzF+PHxovvjB4q+0fPD4esdyadbf7P8Ur/7bd/QcV7Z+2Z8ZPtFz/wrvR7j91Btm1d0f77dUh/Dq3/Aa+O63pw6sQUUUVsIKKKKACiiigAooooAKKKKACiiigAooooAKKKKACiiigAooooAKKKKACiiigAooooAKKKKACiiigAooooAKKKKACiiigAooooAKKKKACiiigAooooAKKKKACiiigAooooAKKKKACiiigAooooAKKKKACiiigAooooAKKKKACiiigAooooAKKKKACiiigC5peqXWj6nb6hp9w9rfWjrNDMn3kYfdNfpz8A/jHafGDwZHeyeXDrthth1G2T+CTtIB/cbqPT5hX5dV6B8G/ihffCfxxZ65b73sf8AU31sn/Lxbn7y/UdV91qJw5kM/VyisvT/ABFpGq2Frf2up2z2t1Es0Tb/ALyMAQfyIorlGfmv+0J8I9c+GfjO8uNQuJtQ0zVpZLm21N/vSsWywkP/AD0Hf16ivH6/Xrxx4H0f4ieGrzw/rlv51jdp/wACib+F0PZl7V+Yvxb+FGsfCTxLJpeqfvrV9z2moIn7u6j/AKMP4l7V0U530e4jz+iiitRBRRRQAUUUUAFFFFABRRRQAUUUUAFFFFABRRRQAUUUUAFFFFABRRRQAUUUUAFFFFABRRRQAUUUUAFFFFABRRRQAUUUUAFFFFABRRRQAUUUUAFFFFABRRRQAUUUUAFFFFABRRRQAUUUUAFFFFABRRRQAUUUUAFFFFABRRRQAUUUUAFFFFABRRRQAUUUUAFbHhfwvqvjDXLPQ9Hs3utTvn2Qw/8AsxPYDue1VdH0e+8QanZ6XpdnNdX126wwww/edjX6S/s//Aex+D+ifaLzZdeKr5P9LufvLEv/ADxj/wBgdz/Eaic+UZ5tY/sQ24srYT+OtbWcRr5ggU+WGxzt5+7np7UV9ZUVz88hhXJfET4daN8UPDV5oGuW++OT/UzJ/rLWT+GRPcfqODXW0VK01A/Jv4ofCvXPhP4lk0fWI/8AbtL1P9XdR/30/qOoNcPX62/Ej4b6B8UPDMuh6/b+ZH9+GZP9dBJ/fjbsfboehr80Pix8I9f+EniGTS9Uj32r7ntNQRP3d1H7ehH8S9q6YT5tHuI4GiiitBBRRRQAUUUUAFFFFABRRRQAUUUUAFFFFABRRRQAUUUUAFFFFABRRRQAUUUUAFFFFABRRRQAUUUUAFFFFABRRRQAUUUUAFFFFABRRRQAUUUUAFFFFABRRRQAUUUUAFFFFABRRRQAUUUUAFFFFABRRRQAUUUUAFFFFABRRRQAUUUUAFFFFABVzS9Lvtc1Oz0/T7ea6vrt1hhhhTczsewFO0fR77xJqdnpel2c11fXb7IYYfmZm/z19K/Rj9nv9nex+Edj/amqeTe+L7tP30yfMtqp/wCWUf8A7M3f6VEpcoxv7O/7O9j8J9M/tTVPJuvF92n76b7y2Sn/AJZR/wDszd/pXvFFFczd9WMKKKKQBRRRQAVzfjjwHofxE8PXGh+ILP7TYyfc/haKTs6HsRXSUUAflr8aPgfrnwb1fy7jfe6HO/8Aomponyy/7D/3JB3HfqK8tr9iPEHhrSvFmkXmkaxZwXum3SbJYZvut/gR2I5Ffnh8fP2bNV+Fl1JrGj+fqfhCRv8AXfeks/8AYlx29H6HvXRCpfRiPBqKKK1EFFFFABRRRQAUUUUAFFFFABRRRQAUUUUAFFFFABRRRQAUUUUAFFFFABRRRQAUUUUAFFFFABRRRQAUUUUAFFFFABRRRQAUUUUAFFFFABRRRQAUUUUAFFFFABRRRQAUUUUAFFFFABRRRQAUUUUAFFFFABRRRQAUUUUAFFFFABW14X8J6x401yz0PQ7N73U7t9iIn/oRPQAdyeK2Phn8L/EfxU8Qx6P4ft9/8dzdP/qbVf7zn+Q6mv0k+Efwb0D4P6H9j0uPztTnT/S9TdP31w39EHZRx+NZzmo+ozA+A/7P+kfB/TftMhj1DxVdJ/pF/s/1X/TOLPRfU9Wr2Wiiudu+rGFFFFIAooooAKKKKACiiigAqO4t47iKS3uI0mikTY6Om5XX0INSUUAfEPx8/ZHk0/7R4k+H9u81t8z3GjJ80kXqYPUf7HUdq+Q/9XX7NV89fHT9l/R/iZ9o1zQ/J0nxV99327Ybxv8ApoB0b/aH41tCpbRgfnRRW14s8J6x4H1y40fxBp81lqcH8D/x/wC0h6FD2I4rFrYkKKKKYBRRRQAUUUUAFFFFABRRRQAUUUUAFFFFABRRRQAUUUUAFFFFABRRRQAUUUUAFFFFABRRRQAUUUUAFFFFABRRRQAUUUUAFFFFABRRRQAUUUUAFFFFABRRRQAUUUUAFFFFABRRRQAUUUUAFFFFABRRTo43kljjjjd5ZPkRE/i+lADa9m+B/wCzv4g+MFzHeSb9M8Mo/wC+1B0/1v8AsRD+M+/QV6x8C/2P59Q+z+IPiJbvDa/K8Wjf8tJf+u39wf7PX1r7Ys7ODTra3s7O3SC1gTZDDCm1VUdgBwKxnU6IZh+CvA+gfDvQ7fQ/D+npa2Kf8CaVu7ue5PrXRUUVgMKKKKACiiigAooooAKKKKACiiigAooooAKKKKAOM+JHwv8ADnxU0P8AsvX7Pztn/Hvcp8s1q395H/oeD3r8/PjR+zn4n+Ecsl55f9p+Gd/yanCn3P8AZlT+A+/3TX6bVHLFHcRyRyRo8TpsdH+ZWX0IPFXGfKB+M9FfdXxo/Y307XPtGsfD/wAnT77776S/y28v/XM/8sz7fd+lfFPiDw/qvhPU7jS9c0+bT76D78MybW/+uPccVvGalsIy6KKKsQUUUUAFFFFABRRRQAUUUUAFFFFABRRRQAUUUUAFFFFABRRRQAUUUUAFFFFABRRRQAUUUUAFFFFABRRRQAUUUUAFFFFABRRRQAUUUUAFFFFABRRRQAUUUUAFFFFABRRRQAUUUUAFFH+sr6a+Df7IeueMPs+seMPO0LQvvpa/8vlwv0P+rHuefak5JbgeH/D/AOG/iP4ma5/ZfhvT3upf+W033Ybdf70j9AP1PYV+gHwT/Zn8OfCfy9UvNmreJv8An9dP3cHtEh6f7x5r1bwn4O0PwPpEej+H9Lh0+xj/AIIU+83q56ufc1uVzynzFBRRRWYBRRRQAUUUUAFFFFABRRRQAUUUUAFFFFABRRRQAUUUUAFFFFABXHfED4X+GPifpn9n+JNLS6/54zJ8s1v/ALUbjkfTpXY0UXtsB+dfxc/ZL8VeA/tGoeH9/iDQ0+f9yn+lQL/txjqB6r+VfO9fs5XjPxT/AGZ/BXxP8y7+z/2Lrj/8xDT0C7/+ukfCv+h962jV6MVj8yaK9a+KH7O/jj4XyyXF5p/9oaPH/wAxPT8yR/8AAx95PxGPevJa2TvqhBRRRTAKKKKACiiigAooooAKKKKACiiigAooooAKKKKACiiigAooooAKKKKACiiigAooooAKKKKACiiigAooooAKKKKACiiigAooooAKKKKACiiigAooooAKKK6bwX8O/E/xE1P+z/DejzahL/G6Jtji93c/Kn4mle24HM16N8L/AIH+Mfixc/8AEj0/Zpm/99qdzlbdfx/jPsua+rvhV+xhoegeXqHji4TWb77/APZ8OVs4vr3k/RfavqKzs4NPto7ezt0htoE2JDCm1VX0AHSspVeiHY8d+Ef7M/hH4V+XeeX/AG14h/6CF0n+q/65JyE+vLe9e0UUVi3fVjCiiikAUUUUAFFFFABRRRQAUUUUAFFFFABRRRQAUUUUAFFFFABRRRQAUUUUAFFFFABRRRQA3/WV4H8UP2S/A/jz7ReaXH/wjmsSfP51kn7mVv8Abh6fiuPxr36imnbVAfl38SP2d/Hnwz8y41DS/wC0NM/6CGn5kj/4GMbk/EV5PX7OV4z8SP2Y/AHxE8y4/s/+xdXk/wCXzTMR72/24/uv+h961jV7isfmTRX0F8QP2P8Ax34P8y40eNPEemJ/HZfLcKvvCf8A2UmvA7yzn0+5kt7y3eG5j+R4ZkKsn+yQcEVsmnsIhooopgFFFFABRRRQAUUUUAFFFFABRRRQAUUUUAFFFFABRRRQAUUUUAFFFFABRRRQAUUUUAFFFFABRRRQAUUUUAFFFFABRRRQAUUV6h8P/wBnvx/8SPLk0vQ3tdMk/wCYhqH7mH/eGfmf8BSbtuB5fXUeC/h34n+Il99j8N6Pdah/A7on7mL/AH5D8o/PNfbHw7/Yv8JeG/LvPFlw/iC+j+fyeY7NPw+8/wCJA9q+kNP0ux0exjs9Ps4bKxg+5DbRCONfoBxWUqvYdj5Q+Gf7Eenaf5GoePNQ+3y/9AyzzHCvs8n3n/DA9zX1Xo+h6b4fsY9P0fT7XT7GD7kNtEI41/AVoUVk5N7jCiiipAKKKKACiiigAooooAKKKKACiiigAooooAKKKKACiiigAooooAKKKKACiiigAooooAKKKKACiiigAooooAKKKKACuV8afDPwl8QLby/Enh+y1D+5M6bZl+ki4YfnXVUUXA+O/G/7C9rJvuPBniB7Y/8APnqf7xfwkUA/mK+a/HHwL8f/AA/8yTWPDd19lj/5fbb/AEi3/wB7evT/AIEBX6sUVpGo0B+MdFfqt40+A/w88d+ZJrHhey+0yf8AL1bJ9nm/3spjJ+oNfP8A4t/YUgcSS+E/FEkP9y21OHcv/fxcH8SK0VVPcVj4por17xZ+zH8UPCfmSSeG5tQto/8Altpj/aF/IfP/AOO15PeWc+ny/Z7y3e1lj++kyFW/I1oncRDRRRTAKKKKACiiigAooooAKKKKACiiigAooooAKKKKACiiigAooooAKKKKACiiigAoorvPCfwX8f8AjTy/7H8J6nNFJ/y2eLyYf++32ilcDg6K+svCf7C/iO88uTxR4gstMi/542SfaJPzOF/nXvngv9lP4a+D/Lkk0d9auY/+W2rP5y/9++E/MGodRDsfnj4X8D+I/HFz9n8N6He6nL/06xblX6vwo/EivozwP+w/4j1Ty7jxZrFtpMX/AD7Wv+kXH58IP1r7qs7ODT7aO3s7eG1to/uQwoI1T8BxU1ZuqxnlPgP9nP4e/D/y5NP0OG91OP8A5fdQ/wBIk+oz8qf8BANerUUVm3fcAooopAFFFFABRRRQAUUUUAFFFFABRRRQAUUUUAFFFFABRRRQAUUUUAFFFFABRRRQAUUUUAFFFFABRRRQAUUUUAFFFFABRRRQAUUUUAFFFFABRRRQAUUUUAFY/iDwtofiiP7Prmj6fqcX/T1bpJ+RIyPwrYooA8J8Sfsh/C/xB5n2fS7nSZf7+n3BVf8AvhsivI/EH7B8/wDrPD/jBH/6Y6nafN/32hx/47X2lRVKcl1A/NnXP2Q/ipo/mfZ9HstTi/v6fdo36Ptb8hXmeufDTxp4Y/5DHhPWbMf89JrSTb+eMV+uVFX7ZisfjHJ+7/1nyf7/AMv86K/YTVPCGgavF5mo6Hpl4PSe0jY/mRmuB1T9nX4Wam2648Faakv/AD0tt0J/Q0/bLqgsflzRX6O3n7Ffwx1AZt4tWsj6Q3rMv5NmuT1D9hHwrI26y8Va3bt6SJFIv/oIP61aqJhY+DqK+vtV/Yjhskd7fxvJlc48zTAen0lFeT6z8Af7Gm8oeIRIuztZbf8A2oarmQjxmiug17wz/YlvvN2Zju2/c2/1Nc/VAFFFamjaT/bM3leaI127uU3f1FAGXRXqGk/CA6siv/bIjLNtObXd/wCzivWPD37Gw1i28+TxoY4t23y00zn8/O/pU8yA+V6K+39L/YU0G4/4/PGGqP8A9cbaKP8AnursLX9iD4c2A/0m7129/wB+7Ef/AKCoqXUSHY/PKm1+mul/swfCfT/+ZSiuv+v24km/ma77SPhl4O0Nd2n+F9Fth/0zsY93/fRBNT7VBY/KTS/Cev8AiCXy9L0PU72X+5bWjyfyFejaH+y/8VNc/wBX4Tmsov7+oSx2/wCjHd+lfp2qiJfLQBEH8KfKv5U+p9q+gWPhPw/+wn4juPLk1zxRpllF/GllE9w35naP0r1jw3+xP4A0fy5NUuNW1mX/AG5RDH+SD+tfSlFTzy7jOP8AC/wr8F+D/L/sPwvpNlLH/GluGk/77bLfrXYUUVFwCiiigAooooAKKKKACiiigAooooAKKKKACiiigAooooAKKKKACiiigAooooAKKKKACiiigD//2Q==\" /></p>', null, '91'), ('13', '2019-05-16 08:54:26', null, '2019-05-16 08:54:26', '0', '<p>asdfasdfasdf</p>', null, '92'), ('14', '2019-05-16 08:54:48', null, '2019-05-16 08:54:48', '0', '<p>asdfasdfasdf</p>', null, '93'), ('15', '2019-05-16 08:54:52', null, '2019-05-16 08:54:52', '0', '<p>asdfasdfasdf</p>', null, '94'), ('16', '2019-05-16 08:56:53', null, '2019-05-16 08:56:53', '0', '<p>asdfasdf</p>', null, '95'), ('17', '2019-05-16 08:58:08', null, '2019-05-16 08:58:08', '0', '<p>asdf</p>', null, '96'), ('18', '2019-05-16 10:19:37', null, '2019-05-16 10:19:37', '0', '<p>asdf</p>', null, '97'), ('19', '2019-05-16 10:20:54', null, '2019-06-18 18:49:59', '1', '<p>sdfasdf</p>', null, '98'), ('20', '2019-05-24 13:45:08', null, '2019-05-24 13:45:08', '0', '<p>asdfasdfsadfasdf</p>', null, '99'), ('21', '2019-05-24 13:45:50', null, '2019-05-24 13:45:50', '0', '<p>asdfasdf</p>\n<p>&nbsp;</p>\n<p>asdfasdf</p>', null, '100');
COMMIT;

-- ----------------------------
--  Table structure for `article_tag`
-- ----------------------------
DROP TABLE IF EXISTS `article_tag`;
CREATE TABLE `article_tag` (
  `article_id` bigint(20) NOT NULL,
  `tag_id` bigint(20) NOT NULL,
  KEY `FKesqp7s9jj2wumlnhssbme5ule` (`tag_id`),
  KEY `FKenqeees0y8hkm7x1p1ittuuye` (`article_id`)
) ENGINE=MyISAM DEFAULT CHARSET=utf8;

-- ----------------------------
--  Records of `article_tag`
-- ----------------------------
BEGIN;
INSERT INTO `article_tag` VALUES ('1', '1'), ('81', '1'), ('85', '1'), ('84', '1'), ('84', '3'), ('84', '6'), ('86', '1'), ('87', '1'), ('88', '1'), ('90', '1'), ('90', '3'), ('90', '7'), ('90', '43'), ('90', '10'), ('90', '11'), ('91', '1'), ('91', '3'), ('91', '7'), ('91', '43'), ('91', '10'), ('91', '11'), ('92', '1'), ('92', '3'), ('92', '43'), ('92', '10'), ('93', '1'), ('93', '3'), ('93', '43'), ('93', '10'), ('94', '1'), ('94', '3'), ('94', '43'), ('94', '10'), ('95', '1'), ('96', '1'), ('97', '1'), ('98', '28'), ('99', '3'), ('100', '1');
COMMIT;

-- ----------------------------
--  Table structure for `category`
-- ----------------------------
DROP TABLE IF EXISTS `category`;
CREATE TABLE `category` (
  `id` bigint(20) NOT NULL AUTO_INCREMENT,
  `add_time` datetime DEFAULT NULL,
  `creator` int(11) DEFAULT NULL,
  `update_time` datetime DEFAULT NULL,
  `version` int(11) DEFAULT NULL,
  `description` varchar(255) DEFAULT NULL,
  `front_cover` varchar(255) DEFAULT NULL,
  `in_menu` int(11) DEFAULT NULL,
  `keywords` varchar(255) DEFAULT NULL,
  `orders` int(11) DEFAULT NULL,
  `pid` bigint(20) DEFAULT NULL,
  `status` varchar(255) DEFAULT NULL,
  `target` varchar(255) DEFAULT NULL,
  `title` varchar(255) DEFAULT NULL,
  `type` varchar(255) DEFAULT NULL,
  `url` varchar(255) DEFAULT NULL,
  `template_id` bigint(20) DEFAULT NULL,
  `show_type` varchar(255) DEFAULT NULL,
  PRIMARY KEY (`id`),
  KEY `category_index_orders` (`orders`),
  KEY `FKq4l2ui5eff75oyckpmxj3weju` (`template_id`),
  KEY `FKeiel7nqjxu4kmefso9tm9qcsu` (`pid`)
) ENGINE=MyISAM AUTO_INCREMENT=39 DEFAULT CHARSET=utf8;

-- ----------------------------
--  Records of `category`
-- ----------------------------
BEGIN;
INSERT INTO `category` VALUES ('1', '2019-01-31 18:12:25', '1', '2019-03-26 11:49:44', '9', '说明qweqwe', '111', '1', 'ewer', '1', '0', 'PUBLISH', '', '测试标签栏目', 'TAG', '', null, 'LIST'), ('2', '2019-01-31 18:13:24', '1', '2019-01-31 18:13:30', '1', '说明而', '111', '0', '2312313', '1', '1', 'PUBLISH', '111', '标题儿', 'CATEGORY', '1111', null, null), ('5', '2019-02-12 18:45:44', null, '2019-05-16 18:57:55', '3', '撒地方', null, '0', '撒地方', '0', '0', 'PUBLISH', '撒地方', '阿斯顿发史蒂夫', 'TAG', 'sad方', null, null), ('11', '2019-02-13 09:38:46', null, '2019-03-22 11:44:18', '2', '', '', '1', '', '5', '0', 'PUBLISH', '_blank', '百度', 'CATEGORY', 'http://www.baidu.com', null, 'LIST'), ('10', '2019-02-13 09:27:16', null, '2019-05-16 18:57:28', '5', 'asdf', null, '0', 'asdf', '0', '0', 'AUDIT', 'asdf', 'asdf', 'TAG', 'asdf', null, null), ('27', '2019-05-17 09:21:20', null, '2019-05-17 09:21:20', '0', 'asdf', 'asdf', '0', 'asdf', '0', '0', 'PUBLISH', '_blank', 'sdva', 'CATEGORY', 'asdf', null, 'LIST'), ('16', '2019-02-13 22:12:31', null, '2019-03-22 11:42:57', '5', '联系我', '', '1', '联系我', '3', '0', 'PUBLISH', '', '联系我', 'CATEGORY', '', null, 'LIST'), ('18', '2019-03-21 16:52:07', null, '2019-03-21 16:52:07', '0', '学习', '', '1', '学习', '2', '0', 'PUBLISH', '', '学习', 'CATEGORY', '', null, 'LIST'), ('19', '2019-03-21 17:17:59', null, '2019-03-21 17:17:59', '0', '', '', '1', 'Spring Cloud', '1', '18', 'PUBLISH', '', 'Spring Cloud', 'CATEGORY', '', null, 'LIST'), ('20', '2019-03-25 17:40:09', null, '2019-03-25 17:40:09', '0', '', '', '1', '', '0', '0', 'PUBLISH', '', '测试专题栏目', 'SPECIAL', '', null, 'LIST'), ('21', '2019-03-26 14:04:53', null, '2019-03-26 14:04:53', '0', '测试父子栏目', '', '1', '测试父子栏目', '0', '0', 'PUBLISH', '', '测试父子栏目', 'CATEGORY', '', null, 'LIST'), ('22', '2019-03-26 14:06:10', null, '2019-03-26 14:06:10', '0', '', '', '1', '', '0', '21', 'PUBLISH', '', '子栏目一', 'CATEGORY', '', null, 'LIST'), ('23', '2019-03-26 14:06:10', null, '2019-03-26 14:06:30', '1', '', '', '0', '', '0', '21', 'PUBLISH', '', '子栏目一（不展示）', 'CATEGORY', '', null, 'LIST'), ('24', '2019-03-26 14:06:43', null, '2019-03-26 14:06:43', '0', '', '', '1', '', '0', '21', 'PUBLISH', '', '子栏目二', 'CATEGORY', '', null, 'LIST'), ('25', '2019-03-26 14:07:02', null, '2019-03-26 14:07:02', '0', '', '', '1', '', '0', '24', 'PUBLISH', '', '子栏目二-1', 'CATEGORY', '', null, 'LIST'), ('26', '2019-03-27 11:16:16', null, '2019-03-27 11:16:16', '0', '', '', '1', '', '0', '19', 'PUBLISH', '', '测试展示自标题', 'CATEGORY', '', null, 'LIST'), ('36', '2019-05-17 09:28:35', null, '2019-05-17 09:28:35', '0', 'ffff', '', '0', 'ff', '0', '5', 'PUBLISH', '_blank', 'fff', 'CATEGORY', '', null, 'LIST'), ('35', '2019-05-17 09:27:11', null, '2019-05-17 09:27:11', '0', 'asdf', 'asdf', '0', 'asdf', '0', '0', 'PUBLISH', '_blank', 'asdf', 'CATEGORY', 'asdf', null, 'LIST'), ('34', '2019-05-17 09:24:53', null, '2019-05-17 09:24:53', '0', 'fff', 'ff', '0', 'ff', '0', '0', 'PUBLISH', '_blank', 'fff', 'CATEGORY', '', null, 'LIST'), ('32', '2019-05-17 09:21:27', null, '2019-05-17 09:22:36', '2', 'asdfffff', 'asdffff', '1', 'asdfff', '4', '0', 'PUBLISH', '_self', 'sdvaffffff', 'CATEGORY', 'asdfffff', null, 'LIST'), ('38', '2019-05-17 13:23:08', null, '2019-05-17 13:23:08', '0', '', '', '0', '', '0', '10', 'PUBLISH', '_blank', 'f', 'CATEGORY', '', null, 'LIST'), ('37', '2019-05-17 09:28:41', null, '2019-05-17 09:28:41', '0', '', '', '0', '', '0', '36', 'PUBLISH', '_blank', 'asdf', 'CATEGORY', '', null, 'LIST');
COMMIT;

-- ----------------------------
--  Table structure for `category_tag`
-- ----------------------------
DROP TABLE IF EXISTS `category_tag`;
CREATE TABLE `category_tag` (
  `category_id` bigint(20) NOT NULL,
  `tag_id` bigint(20) NOT NULL,
  KEY `FK7ajcceshl0yansk0i3kkiv53l` (`tag_id`),
  KEY `FKa87fb70v74ldqt14lmsm68j73` (`category_id`)
) ENGINE=MyISAM DEFAULT CHARSET=utf8;

-- ----------------------------
--  Records of `category_tag`
-- ----------------------------
BEGIN;
INSERT INTO `category_tag` VALUES ('1', '27'), ('1', '10'), ('1', '1'), ('1', '3'), ('1', '6'), ('10', '3'), ('10', '43'), ('10', '10'), ('1', '12'), ('1', '14'), ('1', '25'), ('1', '17'), ('10', '11'), ('10', '13'), ('10', '15'), ('5', '14'), ('5', '11'), ('5', '28');
COMMIT;

-- ----------------------------
--  Table structure for `category_toc`
-- ----------------------------
DROP TABLE IF EXISTS `category_toc`;
CREATE TABLE `category_toc` (
  `id` bigint(20) NOT NULL AUTO_INCREMENT,
  `add_time` datetime DEFAULT NULL,
  `creator` int(11) DEFAULT NULL,
  `update_time` datetime DEFAULT NULL,
  `version` int(11) DEFAULT NULL,
  `front_cover` varchar(255) DEFAULT NULL,
  `orders` int(11) DEFAULT NULL,
  `pid` int(11) DEFAULT NULL,
  `target` varchar(255) DEFAULT NULL,
  `title` varchar(255) DEFAULT NULL,
  `url` varchar(255) DEFAULT NULL,
  `article_id` bigint(20) DEFAULT NULL,
  `category_id` bigint(20) DEFAULT NULL,
  PRIMARY KEY (`id`),
  KEY `FKpqb4qoq8x0rvigug0sh8d63jn` (`article_id`),
  KEY `FKjh9h26aphbot81fq555amyapy` (`category_id`),
  KEY `FK1wh4mw2l2eika78s0nw7ane85` (`pid`)
) ENGINE=MyISAM AUTO_INCREMENT=63 DEFAULT CHARSET=utf8;

-- ----------------------------
--  Records of `category_toc`
-- ----------------------------
BEGIN;
INSERT INTO `category_toc` VALUES ('1', '2019-03-18 10:25:14', '1', '2019-03-18 10:25:18', '1', '1', '1', '0', null, '标题', 'url', null, '13'), ('3', '2019-03-18 10:26:22', '1', '2019-03-18 10:26:25', '1', '1', '3', '1', null, '自标题', 'url', null, '13'), ('4', '2019-03-19 15:57:13', null, '2019-03-19 16:21:04', '3', null, '6', '0', '_self', '撒地方', '123', '4', '13'), ('5', '2019-03-19 15:57:20', null, '2019-03-19 15:57:20', '0', null, '2', '0', '_self', '123', '123', '6', '13'), ('7', '2019-03-19 15:58:11', null, '2019-03-19 15:58:11', '0', null, '0', '5', '_self', '123', '123', '6', '13'), ('8', '2019-03-19 15:58:18', null, '2019-03-19 15:58:18', '0', null, '0', '5', '_self', '123', '123', '6', '13'), ('10', '2019-03-19 16:30:20', null, '2019-03-19 17:23:33', '2', null, '1', '0', '_self', 'ffff', '', null, '13'), ('15', '2019-03-19 16:30:21', null, '2019-03-19 16:30:21', '0', null, '0', '0', '_self', '333', '333', null, '13'), ('27', '2019-03-19 16:49:27', null, '2019-03-19 16:49:27', '0', null, '0', '0', '_self', 'wefqwef', 'qfeqfe', null, '13'), ('17', '2019-03-19 16:30:22', null, '2019-03-19 16:30:22', '0', null, '0', '0', '_self', '333', '333', null, '13'), ('18', '2019-03-19 16:30:22', null, '2019-03-19 16:56:12', '1', null, '0', '0', '_self', '333', '333', '8', '13'), ('19', '2019-03-19 16:30:22', null, '2019-03-19 16:30:22', '0', null, '0', '0', '_self', '333', '333', null, '13'), ('20', '2019-03-19 16:30:22', null, '2019-03-19 16:30:22', '0', null, '0', '0', '_self', '333', '333', null, '13'), ('23', '2019-03-19 16:42:05', null, '2019-03-19 16:42:05', '0', null, '2', '0', '_self', '444', '444', null, '13'), ('24', '2019-03-19 16:42:19', null, '2019-03-19 16:42:19', '0', null, '2', '0', '_self', '444', '444', null, '13'), ('25', '2019-03-19 16:44:07', null, '2019-03-19 16:44:07', '0', null, '0', '0', '_self', 'ffff', '', null, '13'), ('26', '2019-03-19 16:47:50', null, '2019-03-19 16:47:50', '0', null, '0', '0', '_self', 'sadfasd', '', null, '13'), ('30', '2019-03-28 12:55:01', null, '2019-05-17 10:45:07', '1', null, '0', '0', '_self', '目录二', '', '4', '20'), ('31', '2019-03-28 12:56:28', null, '2019-05-17 13:36:09', '1', null, '0', '0', '_self', '子目录一', 'sdfasdf', '84', '20'), ('33', '2019-03-28 17:45:39', null, '2019-03-28 17:55:03', '1', null, '0', '0', '_self', '百度', 'http://www.baidu.com', null, '20'), ('36', '2019-03-28 17:45:52', null, '2019-03-28 17:45:52', '0', null, '0', '0', '_self', 'ddd', '', null, '20'), ('59', '2019-05-17 10:44:07', null, '2019-05-17 10:44:07', '0', null, '0', '0', '_self', 'sadf', 'sadf', '82', '20'), ('38', '2019-03-28 17:45:58', null, '2019-03-28 17:45:58', '0', null, '0', '0', '_self', 'fff', '', null, '20'), ('39', '2019-03-28 17:46:02', null, '2019-03-28 17:46:02', '0', null, '0', '0', '_self', 'gggg', '', null, '20'), ('40', '2019-03-28 17:46:05', null, '2019-03-28 17:46:05', '0', null, '0', '0', '_self', 'hhhh', '', null, '20'), ('50', '2019-03-28 17:53:56', null, '2019-03-28 17:54:02', '1', null, '0', '0', '_self', 'lllll', '', null, '20'), ('51', '2019-03-28 17:54:06', null, '2019-03-28 17:54:10', '1', null, '0', '0', '_self', 'mmmm', '', null, '20'), ('52', '2019-03-28 17:54:13', null, '2019-03-28 17:54:13', '0', null, '0', '0', '_self', 'nnnn', '', null, '20'), ('53', '2019-03-28 17:54:18', null, '2019-03-28 17:54:18', '0', null, '0', '0', '_self', 'oooo', '', null, '20'), ('54', '2019-03-28 17:54:21', null, '2019-03-28 17:54:21', '0', null, '0', '0', '_self', 'pppp', '', null, '20'), ('55', '2019-03-28 17:57:24', null, '2019-05-17 16:57:30', '2', null, '0', '31', '_self', '方法', '方法', null, '20'), ('56', '2019-03-28 17:57:29', null, '2019-03-28 17:57:29', '0', null, '0', '55', '_self', 'asdfasdf', '', null, '20');
COMMIT;

-- ----------------------------
--  Table structure for `comment`
-- ----------------------------
DROP TABLE IF EXISTS `comment`;
CREATE TABLE `comment` (
  `id` bigint(20) NOT NULL AUTO_INCREMENT,
  `add_time` datetime DEFAULT NULL,
  `creator` int(11) DEFAULT NULL,
  `update_time` datetime DEFAULT NULL,
  `version` int(11) DEFAULT NULL,
  `article_id` bigint(20) DEFAULT NULL,
  `content` text,
  `ip` varchar(255) DEFAULT NULL,
  `pid` bigint(20) DEFAULT NULL,
  `status` int(11) DEFAULT NULL,
  `username` varchar(255) DEFAULT NULL,
  PRIMARY KEY (`id`)
) ENGINE=MyISAM AUTO_INCREMENT=6 DEFAULT CHARSET=utf8;

-- ----------------------------
--  Records of `comment`
-- ----------------------------
BEGIN;
INSERT INTO `comment` VALUES ('1', '2019-03-25 14:05:38', '24', '2019-03-25 14:05:42', '2', '1', '123123', null, null, null, null), ('2', '2019-03-27 16:39:06', null, '2019-03-27 16:39:06', '0', '1', null, null, '0', '1', null), ('3', '2019-03-27 16:41:56', null, '2019-03-27 16:41:56', '0', '1', null, null, '0', '1', null), ('4', '2019-03-27 16:44:07', '24', '2019-03-27 16:44:07', '0', '1', 'fffff', '127.0.0.1', '0', '1', null), ('5', '2019-03-27 16:47:25', '24', '2019-03-27 16:47:25', '0', '1', 'asdfasdfasdf', '127.0.0.1', '0', '1', null);
COMMIT;

-- ----------------------------
--  Table structure for `dictionary_group`
-- ----------------------------
DROP TABLE IF EXISTS `dictionary_group`;
CREATE TABLE `dictionary_group` (
  `id` int(11) NOT NULL AUTO_INCREMENT,
  `add_time` datetime DEFAULT NULL,
  `creator` int(11) DEFAULT NULL,
  `update_time` datetime DEFAULT NULL,
  `version` int(11) DEFAULT NULL,
  `code` varchar(255) DEFAULT NULL,
  `name` varchar(255) DEFAULT NULL,
  PRIMARY KEY (`id`)
) ENGINE=MyISAM AUTO_INCREMENT=12 DEFAULT CHARSET=utf8;

-- ----------------------------
--  Records of `dictionary_group`
-- ----------------------------
BEGIN;
INSERT INTO `dictionary_group` VALUES ('1', '2019-05-22 19:06:35', '1', '2019-05-22 19:06:39', '1', 'sex', '性别'), ('2', '2019-05-23 09:22:22', '1', '2019-05-23 09:22:26', '1', 'ads_location', '广告位'), ('11', '2019-06-03 09:00:52', null, '2019-06-03 09:00:52', '0', 'ads_type', '广告类型'), ('10', '2019-05-30 09:16:07', null, '2019-05-30 09:16:07', '0', 'plugin_type', '插件类型');
COMMIT;

-- ----------------------------
--  Table structure for `dictionary_item`
-- ----------------------------
DROP TABLE IF EXISTS `dictionary_item`;
CREATE TABLE `dictionary_item` (
  `id` int(11) NOT NULL AUTO_INCREMENT,
  `add_time` datetime DEFAULT NULL,
  `creator` int(11) DEFAULT NULL,
  `update_time` datetime DEFAULT NULL,
  `version` int(11) DEFAULT NULL,
  `dict_name` varchar(255) DEFAULT NULL,
  `dict_prompt` varchar(255) DEFAULT NULL,
  `dict_value` varchar(255) DEFAULT NULL,
  `orders` int(11) DEFAULT NULL,
  `group_id` int(11) DEFAULT NULL,
  PRIMARY KEY (`id`),
  KEY `FK827yk1yohp86on394q3efmunj` (`group_id`)
) ENGINE=MyISAM AUTO_INCREMENT=27 DEFAULT CHARSET=utf8;

-- ----------------------------
--  Records of `dictionary_item`
-- ----------------------------
BEGIN;
INSERT INTO `dictionary_item` VALUES ('1', '2019-05-23 09:19:58', '1', '2019-05-23 09:20:02', '1', '男', '男', 'male', '1', '1'), ('2', '2019-05-23 09:20:28', '1', '2019-05-23 09:20:31', '1', '女', '女', 'female', '2', '1'), ('12', '2019-06-03 09:01:57', null, '2019-06-03 09:01:57', '0', '图文', '图文广告', 'imgAndText', '0', '11'), ('11', '2019-06-03 09:01:33', null, '2019-06-03 09:01:33', '0', '文字', '文字广告', 'text', '0', '11'), ('10', '2019-06-03 09:01:10', null, '2019-06-03 09:01:40', '1', '图片', '图片广告', 'img', '0', '11'), ('8', '2019-05-30 09:16:35', null, '2019-05-30 09:16:35', '0', '全局通用', '全局通用的插件，每个页面都要加载', 'global', '0', '10'), ('9', '2019-05-30 09:47:09', null, '2019-05-30 09:47:09', '0', '文章页插件', '只在文章页加载', 'article', '0', '10'), ('13', '2019-06-03 09:02:21', null, '2019-06-03 09:02:21', '0', '代码', 'html代码', 'code', '0', '11'), ('14', '2019-06-03 09:22:28', null, '2019-06-03 09:22:28', '0', '首页头部', '首页头部广告', 'home_top', '0', '2'), ('15', '2019-06-03 09:22:55', null, '2019-06-03 09:22:55', '0', '首页底部', '首页底部', 'home_bottom', '0', '2'), ('16', '2019-06-03 13:03:33', null, '2019-06-03 13:03:33', '0', '专题页菜单顶部', '专题页菜单顶部', 'special_menu_top', '0', '2'), ('17', '2019-06-03 13:03:56', null, '2019-06-03 13:03:56', '0', '专题页菜单底部', '专题页菜单底部', 'special_menu_bottom', '0', '2'), ('18', '2019-06-03 13:04:36', null, '2019-06-03 13:04:36', '0', '专题页文章顶部', '专题页文章顶部', 'special_article_top', '0', '2'), ('19', '2019-06-03 13:04:57', null, '2019-06-03 13:04:57', '0', '专题页文章底部', '专题页文章底部', 'special_article_bottom', '0', '2'), ('20', '2019-06-03 13:05:24', null, '2019-06-03 13:05:24', '0', '文章页顶部', '文章页顶部', 'article_top', '0', '2'), ('21', '2019-06-03 13:05:41', null, '2019-06-03 13:05:41', '0', '文章页底部', '文章页底部', 'article_bottom', '0', '2'), ('22', '2019-06-03 13:06:04', null, '2019-06-03 13:06:04', '0', '文章列表页顶部', '文章列表页顶部', 'article_list_top', '0', '2'), ('23', '2019-06-03 13:06:32', null, '2019-06-03 13:06:32', '0', '文章列表间隔', '文章列表间隔', 'article_list_middle', '0', '2'), ('24', '2019-06-03 13:06:56', null, '2019-06-03 13:06:56', '0', '文章列表底部', '文章列表底部', 'article_list_bottom', '0', '2'), ('25', '2019-06-03 13:08:17', null, '2019-06-03 13:08:17', '0', '边栏顶部', '边栏顶部', 'sidebar_top', '0', '2'), ('26', '2019-06-03 13:08:31', null, '2019-06-03 13:08:31', '0', '边栏底部', '边栏底部', 'sidebar_bottom', '0', '2');
COMMIT;

-- ----------------------------
--  Table structure for `link`
-- ----------------------------
DROP TABLE IF EXISTS `link`;
CREATE TABLE `link` (
  `id` bigint(20) NOT NULL AUTO_INCREMENT,
  `add_time` datetime DEFAULT NULL,
  `creator` int(11) DEFAULT NULL,
  `update_time` datetime DEFAULT NULL,
  `version` int(11) DEFAULT NULL,
  `description` varchar(255) DEFAULT NULL,
  `front_cover` varchar(255) DEFAULT NULL,
  `orders` int(11) DEFAULT NULL,
  `title` varchar(255) DEFAULT NULL,
  `url` varchar(255) DEFAULT NULL,
  PRIMARY KEY (`id`)
) ENGINE=MyISAM AUTO_INCREMENT=25 DEFAULT CHARSET=utf8;

-- ----------------------------
--  Records of `link`
-- ----------------------------
BEGIN;
INSERT INTO `link` VALUES ('6', '2019-01-29 23:30:08', null, '2019-01-29 23:30:08', '0', '闻气味', null, '0', '肉肉肉', '肉肉肉'), ('14', '2019-01-30 22:12:32', null, '2019-01-30 22:12:32', '0', 'wewer', null, '0', 'efwe', 'wewe'), ('17', '2019-01-31 17:59:36', null, '2019-01-31 17:59:36', '0', '123', null, '0', '123', '123'), ('18', '2019-01-31 18:01:34', null, '2019-01-31 18:01:34', '0', '请问', null, '0', '闻气味', '请问'), ('19', '2019-02-12 15:52:32', null, '2019-02-12 15:52:32', '0', 'qer', null, '0', 'erq', 'qert'), ('20', '2019-02-13 15:11:22', null, '2019-02-13 22:17:44', '1', 'sdfb', null, '0', 'dfb俄文额外 v', 'sdfb'), ('23', '2019-05-18 09:34:16', null, '2019-05-18 09:34:16', '0', 'asdf', null, '0', 'asdf', 'asdf');
COMMIT;

-- ----------------------------
--  Table structure for `plugin`
-- ----------------------------
DROP TABLE IF EXISTS `plugin`;
CREATE TABLE `plugin` (
  `id` int(11) NOT NULL AUTO_INCREMENT,
  `add_time` datetime DEFAULT NULL,
  `creator` int(11) DEFAULT NULL,
  `update_time` datetime DEFAULT NULL,
  `version` int(11) DEFAULT NULL,
  `content` text,
  `enable` int(11) DEFAULT NULL,
  `name` varchar(255) DEFAULT NULL,
  `orders` int(11) DEFAULT NULL,
  `type` varchar(255) DEFAULT NULL,
  PRIMARY KEY (`id`)
) ENGINE=MyISAM AUTO_INCREMENT=22 DEFAULT CHARSET=utf8;

-- ----------------------------
--  Records of `plugin`
-- ----------------------------
BEGIN;
INSERT INTO `plugin` VALUES ('17', '2019-05-30 09:50:01', null, '2019-05-30 19:30:47', '3', '<script>window._bd_share_config={\"common\":{\"bdSnsKey\":{},\"bdText\":\"\",\"bdMini\":\"2\",\"bdMiniList\":false,\"bdPic\":\"\",\"bdStyle\":\"0\",\"bdSize\":\"16\"},\"slide\":{\"type\":\"slide\",\"bdImg\":\"2\",\"bdPos\":\"right\",\"bdTop\":\"250\"}};(document.getElementsByTagName(\'head\')[0] || document.body).appendChild(document.createElement(\'script\')).src=\'http://bdimg.share.baidu.com/static/api/js/share.js?v=89860593.js?cdnversion=\'+~(-new Date()/36e5);</script>', '1', '百度分享', '0', 'global'), ('21', '2019-05-30 19:44:28', null, '2019-05-30 19:44:28', '0', '文章页差劲啊', '1', 'fff', '0', 'article');
COMMIT;

-- ----------------------------
--  Table structure for `settings`
-- ----------------------------
DROP TABLE IF EXISTS `settings`;
CREATE TABLE `settings` (
  `id` bigint(20) NOT NULL AUTO_INCREMENT,
  `add_time` datetime DEFAULT NULL,
  `creator` int(11) DEFAULT NULL,
  `update_time` datetime DEFAULT NULL,
  `version` int(11) DEFAULT NULL,
  `description` varchar(255) DEFAULT NULL,
  `setting_key` varchar(255) DEFAULT NULL,
  `setting_value` varchar(255) DEFAULT NULL,
  PRIMARY KEY (`id`),
  UNIQUE KEY `UKswd05dvj4ukvw5q135bpbbfae` (`setting_key`)
) ENGINE=MyISAM AUTO_INCREMENT=19 DEFAULT CHARSET=utf8;

-- ----------------------------
--  Records of `settings`
-- ----------------------------
BEGIN;
INSERT INTO `settings` VALUES ('1', '2019-03-21 18:51:54', null, '2019-05-19 11:51:19', '1', 'Cms标题', 'title', 'Jbone - 专注于微服务架构的技术交流和实践11111'), ('2', '2019-03-21 18:52:15', null, '2019-05-19 11:54:56', '1', '首页中间的大标题', 'home_title', 'Jbone111'), ('3', '2019-03-21 18:52:33', null, '2019-05-19 11:54:56', '1', '首页的副标题', 'home_description', '专注于微服务架构的技术交流和实践111'), ('4', '2019-03-21 18:52:57', null, '2019-05-19 11:54:56', '1', '网站说明', 'description', '基于spring cloud实现的微服务框架，更重在技术交流。111'), ('5', '2019-03-21 18:53:16', null, '2019-05-19 11:54:56', '1', '网站关键字', 'keywords', '微服务,Spring Cloud,分布式,单点登陆111'), ('6', '2019-03-21 18:53:33', null, '2019-05-19 11:54:56', '1', '网站导航左上角商标文字', 'brand', 'jbone1111'), ('7', '2019-03-21 18:53:50', null, '2019-05-19 11:54:56', '1', 'github联系方式', 'contact_github', 'https://github.com/417511458/jbone111'), ('8', '2019-03-21 18:54:07', null, '2019-05-19 11:54:56', '1', '版权信息', 'copyright', 'Copyright @ 马军伟 2019111'), ('9', '2019-03-22 16:55:27', null, '2019-03-22 16:55:27', '0', '是否开启广告位', 'ads', 'true'), ('10', '2019-03-22 16:56:00', null, '2019-03-22 16:56:00', '0', '广告位图片', 'ads_img', 'http://static.majunwei.com/userfiles/201610292143075020/images/cms/article/2018/12/eureka_01.png'), ('11', '2019-03-22 16:56:57', null, '2019-03-22 16:56:57', '0', '广告位跳转链接', 'ads_url', 'https://github.com/417511458/jbone'), ('12', '2019-03-24 08:55:12', null, '2019-05-19 11:54:56', '2', '关于我', 'aboutme', 'Jbone2211'), ('14', '2019-05-19 11:50:43', null, '2019-05-19 11:54:56', '1', null, 'contact_gitee', 'gitee'), ('15', '2019-05-19 11:50:43', null, '2019-05-19 11:54:56', '1', null, 'contact_qq', 'qq'), ('16', '2019-05-19 11:50:43', null, '2019-05-19 11:54:56', '1', null, 'contact_wechat', 'wechat'), ('17', '2019-05-19 11:50:43', null, '2019-05-19 11:54:05', '3', null, 'ads_switch', 'true'), ('18', '2019-06-19 08:58:11', null, '2019-06-19 09:39:58', '1', null, 'home_banner', '');
COMMIT;

-- ----------------------------
--  Table structure for `tag`
-- ----------------------------
DROP TABLE IF EXISTS `tag`;
CREATE TABLE `tag` (
  `id` bigint(20) NOT NULL AUTO_INCREMENT,
  `add_time` datetime DEFAULT NULL,
  `creator` int(11) DEFAULT NULL,
  `update_time` datetime DEFAULT NULL,
  `version` int(11) DEFAULT NULL,
  `name` varchar(255) DEFAULT NULL,
  PRIMARY KEY (`id`)
) ENGINE=MyISAM AUTO_INCREMENT=48 DEFAULT CHARSET=utf8;

-- ----------------------------
--  Records of `tag`
-- ----------------------------
BEGIN;
INSERT INTO `tag` VALUES ('1', '2019-01-30 23:13:43', '1', '2019-01-30 23:13:48', '1', 'Spring'), ('3', '2019-01-31 11:15:02', null, '2019-01-31 11:15:02', '0', '仿佛过'), ('44', '2019-05-17 18:37:53', null, '2019-05-17 18:37:53', '0', 'asdfsdf'), ('7', '2019-01-31 14:19:54', null, '2019-01-31 14:19:54', '0', '5555'), ('43', '2019-02-13 22:12:13', null, '2019-02-13 22:12:13', '0', 'f'), ('45', '2019-05-17 18:39:44', null, '2019-05-17 18:39:44', '0', 'ffff'), ('10', '2019-01-31 14:28:58', null, '2019-01-31 14:28:58', '0', '挖坟'), ('11', '2019-01-31 14:30:26', null, '2019-01-31 14:30:26', '0', '阿斯顿发'), ('12', '2019-01-31 14:36:21', null, '2019-01-31 14:36:21', '0', '阿斯顿发'), ('13', '2019-01-31 14:36:24', null, '2019-01-31 14:36:24', '0', '玩儿'), ('14', '2019-01-31 14:36:27', null, '2019-01-31 14:36:27', '0', '果然额头'), ('15', '2019-01-31 14:36:29', null, '2019-01-31 14:36:29', '0', '沃尔特'), ('16', '2019-01-31 14:36:31', null, '2019-01-31 14:36:31', '0', '儿童'), ('17', '2019-01-31 14:36:33', null, '2019-01-31 14:36:33', '0', '儿童'), ('18', '2019-01-31 14:36:36', null, '2019-01-31 14:36:36', '0', '而儿童'), ('19', '2019-01-31 14:36:38', null, '2019-01-31 14:36:38', '0', '请问'), ('20', '2019-02-12 15:11:07', null, '2019-02-12 15:11:07', '0', 'qweqwe'), ('21', '2019-02-12 15:52:17', null, '2019-02-12 15:52:17', '0', 'wqer'), ('22', '2019-02-12 15:54:40', null, '2019-02-12 15:54:40', '0', 'wrwer'), ('23', '2019-02-12 16:14:39', null, '2019-02-12 16:14:39', '0', 'asdf'), ('24', '2019-02-12 16:15:52', null, '2019-02-12 16:15:52', '0', 'sefwef'), ('25', '2019-02-12 16:20:28', null, '2019-02-12 16:20:28', '0', 'asdf'), ('26', '2019-02-12 16:23:54', null, '2019-02-12 16:23:54', '0', 'asdf'), ('27', '2019-02-12 16:26:57', null, '2019-02-12 16:26:57', '0', 'sdfsdf'), ('28', '2019-02-12 17:18:18', null, '2019-02-12 17:18:18', '0', 'asdfasdf'), ('29', '2019-02-12 17:19:13', null, '2019-02-12 17:19:13', '0', 'sdfasdf'), ('30', '2019-02-12 17:21:56', null, '2019-02-12 17:21:56', '0', 'asdf'), ('31', '2019-02-12 17:23:21', null, '2019-02-12 17:23:21', '0', 'sadf'), ('32', '2019-02-12 17:36:29', null, '2019-02-12 17:36:29', '0', 'asdf'), ('33', '2019-02-12 17:36:29', null, '2019-02-12 17:36:29', '0', 'asdf'), ('47', '2019-05-19 11:35:37', null, '2019-05-19 11:35:37', '0', 'SDFASDF'), ('35', '2019-02-12 17:37:53', null, '2019-02-12 17:37:53', '0', 'sadf'), ('36', '2019-02-12 17:57:42', null, '2019-02-12 17:57:42', '0', 'asdf'), ('37', '2019-02-12 18:00:13', null, '2019-02-12 18:00:13', '0', 'asfd'), ('38', '2019-02-12 18:14:54', null, '2019-02-12 18:14:54', '0', 'asdf'), ('39', '2019-02-12 18:20:20', null, '2019-05-17 18:52:20', '2', 'asdfasfdasdfafdsasdfgggg'), ('42', '2019-02-13 22:05:16', null, '2019-02-13 22:05:16', '0', 'asdfasdf');
COMMIT;

-- ----------------------------
--  Table structure for `template`
-- ----------------------------
DROP TABLE IF EXISTS `template`;
CREATE TABLE `template` (
  `id` bigint(20) NOT NULL AUTO_INCREMENT,
  `add_time` datetime DEFAULT NULL,
  `creator` int(11) DEFAULT NULL,
  `update_time` datetime DEFAULT NULL,
  `version` int(11) DEFAULT NULL,
  `code` varchar(255) DEFAULT NULL,
  `description` varchar(255) DEFAULT NULL,
  `front_cover` varchar(255) DEFAULT NULL,
  `images` varchar(255) DEFAULT NULL,
  `name` varchar(255) DEFAULT NULL,
  `type` varchar(255) DEFAULT NULL,
  PRIMARY KEY (`id`)
) ENGINE=MyISAM DEFAULT CHARSET=utf8;

SET FOREIGN_KEY_CHECKS = 1;
